cik,canonical_name,symbols,sector,first_sp500_date,last_sp500_date,membership_intervals,screening_status,inclusion_rule,notes
0000066740,3M,MMM,industrials,1957-03-04,,1,PENDING_10K_USGAAP_SCREEN,Retain firm-year only when fiscal year-end falls within an S&P 500 membership interval,Exclude 20-F/40-F/foreign-private-issuer years; retain acquired/delisted firms through last eligible public firm-year
0000091142,A. O. Smith,AOS,industrials,2017-07-26,,1,PENDING_10K_USGAAP_SCREEN,Retain firm-year only when fiscal year-end falls within an S&P 500 membership interval,Exclude 20-F/40-F/foreign-private-issuer years; retain acquired/delisted firms through last eligible public firm-year
0000001800,Abbott Laboratories,ABT,health_care,1957-03-04,,1,PENDING_10K_USGAAP_SCREEN,Retain firm-year only when fiscal year-end falls within an S&P 500 membership interval,Exclude 20-F/40-F/foreign-private-issuer years; retain acquired/delisted firms through last eligible public firm-year
0001551152,AbbVie,ABBV,health_care,2012-12-31,,1,PENDING_10K_USGAAP_SCREEN,Retain firm-year only when fiscal year-end falls within an S&P 500 membership interval,Exclude 20-F/40-F/foreign-private-issuer years; retain acquired/delisted firms through last eligible public firm-year
0001018840,Abercrombie & Fitch Company A,ANF,consumer_discretionary,2008-01-22,2013-12-23,1,PENDING_10K_USGAAP_SCREEN,Retain firm-year only when fiscal year-end falls within an S&P 500 membership interval,Exclude 20-F/40-F/foreign-private-issuer years; retain acquired/delisted firms through last eligible public firm-year
0000815094,Abiomed,ABMD,health_care,2018-05-31,2022-12-22,1,PENDING_10K_USGAAP_SCREEN,Retain firm-year only when fiscal year-end falls within an S&P 500 membership interval,Exclude 20-F/40-F/foreign-private-issuer years; retain acquired/delisted firms through last eligible public firm-year
0001467373,Accenture,ACN,information_technology,2011-07-06,,1,PENDING_10K_USGAAP_SCREEN,Retain firm-year only when fiscal year-end falls within an S&P 500 membership interval,Exclude 20-F/40-F/foreign-private-issuer years; retain acquired/delisted firms through last eligible public firm-year
0000884629,Actavis plc,WPI|ACT,health_care,2007-03-05,2015-06-15,2,PENDING_10K_USGAAP_SCREEN,Retain firm-year only when fiscal year-end falls within an S&P 500 membership interval,Exclude 20-F/40-F/foreign-private-issuer years; retain acquired/delisted firms through last eligible public firm-year
0000718877,Activision Blizzard,ATVI,communication_services,2015-08-31,2023-10-18,1,PENDING_10K_USGAAP_SCREEN,Retain firm-year only when fiscal year-end falls within an S&P 500 membership interval,Exclude 20-F/40-F/foreign-private-issuer years; retain acquired/delisted firms through last eligible public firm-year
0001144215,Acuity Brands Inc,AYI,industrials,2016-05-03,2018-06-18,1,PENDING_10K_USGAAP_SCREEN,Retain firm-year only when fiscal year-end falls within an S&P 500 membership interval,Exclude 20-F/40-F/foreign-private-issuer years; retain acquired/delisted firms through last eligible public firm-year
0000796343,Adobe Inc.,ADBE,information_technology,1997-05-05,,1,PENDING_10K_USGAAP_SCREEN,Retain firm-year only when fiscal year-end falls within an S&P 500 membership interval,Exclude 20-F/40-F/foreign-private-issuer years; retain acquired/delisted firms through last eligible public firm-year
0001546640,ADT Corp,ADT,industrials,2012-10-01,2016-05-03,1,PENDING_10K_USGAAP_SCREEN,Retain firm-year only when fiscal year-end falls within an S&P 500 membership interval,Exclude 20-F/40-F/foreign-private-issuer years; retain acquired/delisted firms through last eligible public firm-year
0001158449,Advance Auto Parts,AAP,consumer_discretionary,2015-07-09,2023-08-25,1,PENDING_10K_USGAAP_SCREEN,Retain firm-year only when fiscal year-end falls within an S&P 500 membership interval,Exclude 20-F/40-F/foreign-private-issuer years; retain acquired/delisted firms through last eligible public firm-year
0000002488,Advanced Micro Devices,AMD,information_technology,2007-03-05,,2,PENDING_10K_USGAAP_SCREEN,Retain firm-year only when fiscal year-end falls within an S&P 500 membership interval,Exclude 20-F/40-F/foreign-private-issuer years; retain acquired/delisted firms through last eligible public firm-year
0001122304,Aetna Inc,AET,health_care,1976-06-30,2018-12-03,1,PENDING_10K_USGAAP_SCREEN,Retain firm-year only when fiscal year-end falls within an S&P 500 membership interval,Exclude 20-F/40-F/foreign-private-issuer years; retain acquired/delisted firms through last eligible public firm-year
0000002135,Affiliated Computer Services,ACS,information_technology,2007-03-05,2020-06-22,1,PENDING_10K_USGAAP_SCREEN,Retain firm-year only when fiscal year-end falls within an S&P 500 membership interval,Exclude 20-F/40-F/foreign-private-issuer years; retain acquired/delisted firms through last eligible public firm-year
0001090872,Agilent Technologies,A,health_care,2000-06-05,,1,PENDING_10K_USGAAP_SCREEN,Retain firm-year only when fiscal year-end falls within an S&P 500 membership interval,Exclude 20-F/40-F/foreign-private-issuer years; retain acquired/delisted firms through last eligible public firm-year
0000002969,Air Products,APD,materials,1985-04-30,,1,PENDING_10K_USGAAP_SCREEN,Retain firm-year only when fiscal year-end falls within an S&P 500 membership interval,Exclude 20-F/40-F/foreign-private-issuer years; retain acquired/delisted firms through last eligible public firm-year
0001559720,Airbnb,ABNB,consumer_discretionary,2023-09-18,,1,PENDING_10K_USGAAP_SCREEN,Retain firm-year only when fiscal year-end falls within an S&P 500 membership interval,Exclude 20-F/40-F/foreign-private-issuer years; retain acquired/delisted firms through last eligible public firm-year
0000804212,Airgas Inc,ARG,materials,2009-09-09,2016-05-23,1,PENDING_10K_USGAAP_SCREEN,Retain firm-year only when fiscal year-end falls within an S&P 500 membership interval,Exclude 20-F/40-F/foreign-private-issuer years; retain acquired/delisted firms through last eligible public firm-year
0000918160,AK Steel Hldg Corp,AKS,materials,2008-08-21,2011-12-16,1,PENDING_10K_USGAAP_SCREEN,Retain firm-year only when fiscal year-end falls within an S&P 500 membership interval,Exclude 20-F/40-F/foreign-private-issuer years; retain acquired/delisted firms through last eligible public firm-year
0001086222,Akamai Technologies,AKAM,information_technology,2007-07-12,,1,PENDING_10K_USGAAP_SCREEN,Retain firm-year only when fiscal year-end falls within an S&P 500 membership interval,Exclude 20-F/40-F/foreign-private-issuer years; retain acquired/delisted firms through last eligible public firm-year
0000766421,Alaska Air Group,ALK,industrials,2016-05-13,2023-12-18,1,PENDING_10K_USGAAP_SCREEN,Retain firm-year only when fiscal year-end falls within an S&P 500 membership interval,Exclude 20-F/40-F/foreign-private-issuer years; retain acquired/delisted firms through last eligible public firm-year
0000915913,Albemarle Corporation,ALB,materials,2016-07-01,,1,PENDING_10K_USGAAP_SCREEN,Retain firm-year only when fiscal year-end falls within an S&P 500 membership interval,Exclude 20-F/40-F/foreign-private-issuer years; retain acquired/delisted firms through last eligible public firm-year
0000899866,Alexion Pharmaceuticals,ALXN,health_care,2012-05-25,2021-07-21,1,PENDING_10K_USGAAP_SCREEN,Retain firm-year only when fiscal year-end falls within an S&P 500 membership interval,Exclude 20-F/40-F/foreign-private-issuer years; retain acquired/delisted firms through last eligible public firm-year
0001097149,Align Technology,ALGN,health_care,2017-06-19,,1,PENDING_10K_USGAAP_SCREEN,Retain firm-year only when fiscal year-end falls within an S&P 500 membership interval,Exclude 20-F/40-F/foreign-private-issuer years; retain acquired/delisted firms through last eligible public firm-year
0001018963,Allegheny Technologies Inc,ATI,materials,1978-12-31,2015-07-02,1,PENDING_10K_USGAAP_SCREEN,Retain firm-year only when fiscal year-end falls within an S&P 500 membership interval,Exclude 20-F/40-F/foreign-private-issuer years; retain acquired/delisted firms through last eligible public firm-year
0001579241,Allegion,ALLE,industrials,2013-12-02,,1,PENDING_10K_USGAAP_SCREEN,Retain firm-year only when fiscal year-end falls within an S&P 500 membership interval,Exclude 20-F/40-F/foreign-private-issuer years; retain acquired/delisted firms through last eligible public firm-year
0000850693,Allergan Inc,AGN,health_care,1992-02-07,2015-03-23,1,PENDING_10K_USGAAP_SCREEN,Retain firm-year only when fiscal year-end falls within an S&P 500 membership interval,Exclude 20-F/40-F/foreign-private-issuer years; retain acquired/delisted firms through last eligible public firm-year
0001578845,"Allergan, plc",AGN,health_care,1999-04-12,2020-05-12,1,PENDING_10K_USGAAP_SCREEN,Retain firm-year only when fiscal year-end falls within an S&P 500 membership interval,Exclude 20-F/40-F/foreign-private-issuer years; retain acquired/delisted firms through last eligible public firm-year
0001101215,Alliance Data Systems,ADS,information_technology,2013-12-23,2020-06-22,1,PENDING_10K_USGAAP_SCREEN,Retain firm-year only when fiscal year-end falls within an S&P 500 membership interval,Exclude 20-F/40-F/foreign-private-issuer years; retain acquired/delisted firms through last eligible public firm-year
0001301063,Alpha Natural Resources,ANR,energy,2011-06-09,2012-10-02,1,PENDING_10K_USGAAP_SCREEN,Retain firm-year only when fiscal year-end falls within an S&P 500 membership interval,Exclude 20-F/40-F/foreign-private-issuer years; retain acquired/delisted firms through last eligible public firm-year
0001652044,Alphabet Inc. (Class C),GOOGL|GOOG,communication_services,2006-04-03,,2,PENDING_10K_USGAAP_SCREEN,Retain firm-year only when fiscal year-end falls within an S&P 500 membership interval,Exclude 20-F/40-F/foreign-private-issuer years; retain acquired/delisted firms through last eligible public firm-year
0000768251,Altera Corp,ALTR,information_technology,2007-03-05,2015-12-29,1,PENDING_10K_USGAAP_SCREEN,Retain firm-year only when fiscal year-end falls within an S&P 500 membership interval,Exclude 20-F/40-F/foreign-private-issuer years; retain acquired/delisted firms through last eligible public firm-year
0000764180,Altria,MO,consumer_staples,1957-03-04,,1,PENDING_10K_USGAAP_SCREEN,Retain firm-year only when fiscal year-end falls within an S&P 500 membership interval,Exclude 20-F/40-F/foreign-private-issuer years; retain acquired/delisted firms through last eligible public firm-year
0001018724,Amazon,AMZN,consumer_discretionary,2005-11-18,,1,PENDING_10K_USGAAP_SCREEN,Retain firm-year only when fiscal year-end falls within an S&P 500 membership interval,Exclude 20-F/40-F/foreign-private-issuer years; retain acquired/delisted firms through last eligible public firm-year
0001748790,Amcor,AMCR,materials,2019-06-07,,1,PENDING_10K_USGAAP_SCREEN,Retain firm-year only when fiscal year-end falls within an S&P 500 membership interval,Exclude 20-F/40-F/foreign-private-issuer years; retain acquired/delisted firms through last eligible public firm-year
0002011286,Amentum,AMTM,industrials,2024-09-30,2024-12-23,1,PENDING_10K_USGAAP_SCREEN,Retain firm-year only when fiscal year-end falls within an S&P 500 membership interval,Exclude 20-F/40-F/foreign-private-issuer years; retain acquired/delisted firms through last eligible public firm-year
0000006201,American Airlines Group,AAL,industrials,2015-03-23,2024-09-23,1,PENDING_10K_USGAAP_SCREEN,Retain firm-year only when fiscal year-end falls within an S&P 500 membership interval,Exclude 20-F/40-F/foreign-private-issuer years; retain acquired/delisted firms through last eligible public firm-year
0001037868,Ametek,AME,industrials,2013-09-23,,1,PENDING_10K_USGAAP_SCREEN,Retain firm-year only when fiscal year-end falls within an S&P 500 membership interval,Exclude 20-F/40-F/foreign-private-issuer years; retain acquired/delisted firms through last eligible public firm-year
0000318154,Amgen,AMGN,health_care,1992-01-02,,1,PENDING_10K_USGAAP_SCREEN,Retain firm-year only when fiscal year-end falls within an S&P 500 membership interval,Exclude 20-F/40-F/foreign-private-issuer years; retain acquired/delisted firms through last eligible public firm-year
0000820313,Amphenol,APH,information_technology,2008-09-30,,1,PENDING_10K_USGAAP_SCREEN,Retain firm-year only when fiscal year-end falls within an S&P 500 membership interval,Exclude 20-F/40-F/foreign-private-issuer years; retain acquired/delisted firms through last eligible public firm-year
0000773910,Anadarko Petroleum,APC,energy,1997-07-28,2019-08-09,1,PENDING_10K_USGAAP_SCREEN,Retain firm-year only when fiscal year-end falls within an S&P 500 membership interval,Exclude 20-F/40-F/foreign-private-issuer years; retain acquired/delisted firms through last eligible public firm-year
0000006281,Analog Devices,ADI,information_technology,1999-10-12,,1,PENDING_10K_USGAAP_SCREEN,Retain firm-year only when fiscal year-end falls within an S&P 500 membership interval,Exclude 20-F/40-F/foreign-private-issuer years; retain acquired/delisted firms through last eligible public firm-year
0001013462,Ansys,ANSS,information_technology,2017-06-19,2025-07-18,1,PENDING_10K_USGAAP_SCREEN,Retain firm-year only when fiscal year-end falls within an S&P 500 membership interval,Exclude 20-F/40-F/foreign-private-issuer years; retain acquired/delisted firms through last eligible public firm-year
0001841666,APA Corporation,APA,energy,1997-07-28,,1,PENDING_10K_USGAAP_SCREEN,Retain firm-year only when fiscal year-end falls within an S&P 500 membership interval,Exclude 20-F/40-F/foreign-private-issuer years; retain acquired/delisted firms through last eligible public firm-year
0000929887,Apollo Group Inc,APOL,consumer_discretionary,2007-03-05,2013-07-01,1,PENDING_10K_USGAAP_SCREEN,Retain firm-year only when fiscal year-end falls within an S&P 500 membership interval,Exclude 20-F/40-F/foreign-private-issuer years; retain acquired/delisted firms through last eligible public firm-year
0000320193,Apple Inc.,AAPL,information_technology,1982-11-30,,1,PENDING_10K_USGAAP_SCREEN,Retain firm-year only when fiscal year-end falls within an S&P 500 membership interval,Exclude 20-F/40-F/foreign-private-issuer years; retain acquired/delisted firms through last eligible public firm-year
0000006951,Applied Materials,AMAT,information_technology,1995-03-16,,1,PENDING_10K_USGAAP_SCREEN,Retain firm-year only when fiscal year-end falls within an S&P 500 membership interval,Exclude 20-F/40-F/foreign-private-issuer years; retain acquired/delisted firms through last eligible public firm-year
0001751008,AppLovin,APP,communication_services,2025-09-22,,1,PENDING_10K_USGAAP_SCREEN,Retain firm-year only when fiscal year-end falls within an S&P 500 membership interval,Exclude 20-F/40-F/foreign-private-issuer years; retain acquired/delisted firms through last eligible public firm-year
0000007084,Archer Daniels Midland,ADM,consumer_staples,1957-03-04,,1,PENDING_10K_USGAAP_SCREEN,Retain firm-year only when fiscal year-end falls within an S&P 500 membership interval,Exclude 20-F/40-F/foreign-private-issuer years; retain acquired/delisted firms through last eligible public firm-year
0001596532,Arista Networks,ANET,information_technology,2018-08-28,,1,PENDING_10K_USGAAP_SCREEN,Retain firm-year only when fiscal year-end falls within an S&P 500 membership interval,Exclude 20-F/40-F/foreign-private-issuer years; retain acquired/delisted firms through last eligible public firm-year
0001305014,Ashland Inc.,ASH,materials,2007-03-05,2010-07-12,1,PENDING_10K_USGAAP_SCREEN,Retain firm-year only when fiscal year-end falls within an S&P 500 membership interval,Exclude 20-F/40-F/foreign-private-issuer years; retain acquired/delisted firms through last eligible public firm-year
0000732717,AT&T,T,communication_services,1983-11-30,,1,PENDING_10K_USGAAP_SCREEN,Retain firm-year only when fiscal year-end falls within an S&P 500 membership interval,Exclude 20-F/40-F/foreign-private-issuer years; retain acquired/delisted firms through last eligible public firm-year
0000769397,Autodesk,ADSK,information_technology,1989-12-01,,1,PENDING_10K_USGAAP_SCREEN,Retain firm-year only when fiscal year-end falls within an S&P 500 membership interval,Exclude 20-F/40-F/foreign-private-issuer years; retain acquired/delisted firms through last eligible public firm-year
0000008670,Automatic Data Processing,ADP,industrials,1981-03-31,,1,PENDING_10K_USGAAP_SCREEN,Retain firm-year only when fiscal year-end falls within an S&P 500 membership interval,Exclude 20-F/40-F/foreign-private-issuer years; retain acquired/delisted firms through last eligible public firm-year
0000350698,AutoNation Inc,AN,consumer_discretionary,2007-03-05,2017-08-08,1,PENDING_10K_USGAAP_SCREEN,Retain firm-year only when fiscal year-end falls within an S&P 500 membership interval,Exclude 20-F/40-F/foreign-private-issuer years; retain acquired/delisted firms through last eligible public firm-year
0000866787,AutoZone,AZO,consumer_discretionary,1997-01-02,,1,PENDING_10K_USGAAP_SCREEN,Retain firm-year only when fiscal year-end falls within an S&P 500 membership interval,Exclude 20-F/40-F/foreign-private-issuer years; retain acquired/delisted firms through last eligible public firm-year
0000008818,Avery Dennison,AVY,materials,1987-12-31,,1,PENDING_10K_USGAAP_SCREEN,Retain firm-year only when fiscal year-end falls within an S&P 500 membership interval,Exclude 20-F/40-F/foreign-private-issuer years; retain acquired/delisted firms through last eligible public firm-year
0000008868,Avon Products,AVP,consumer_staples,1967-06-30,2015-03-23,1,PENDING_10K_USGAAP_SCREEN,Retain firm-year only when fiscal year-end falls within an S&P 500 membership interval,Exclude 20-F/40-F/foreign-private-issuer years; retain acquired/delisted firms through last eligible public firm-year
0001069183,Axon Enterprise,AXON,industrials,2023-05-04,,1,PENDING_10K_USGAAP_SCREEN,Retain firm-year only when fiscal year-end falls within an S&P 500 membership interval,Exclude 20-F/40-F/foreign-private-issuer years; retain acquired/delisted firms through last eligible public firm-year
0001701605,Baker Hughes,BHI|BKR|BHGE,energy,2007-03-05,,3,PENDING_10K_USGAAP_SCREEN,Retain firm-year only when fiscal year-end falls within an S&P 500 membership interval,Exclude 20-F/40-F/foreign-private-issuer years; retain acquired/delisted firms through last eligible public firm-year
0000009389,Ball,BALL|BLL,materials,1984-10-31,,2,PENDING_10K_USGAAP_SCREEN,Retain firm-year only when fiscal year-end falls within an S&P 500 membership interval,Exclude 20-F/40-F/foreign-private-issuer years; retain acquired/delisted firms through last eligible public firm-year
0000009892,Bard (C.R.) Inc.,BCR,health_care,1975-06-30,2018-01-03,1,PENDING_10K_USGAAP_SCREEN,Retain firm-year only when fiscal year-end falls within an S&P 500 membership interval,Exclude 20-F/40-F/foreign-private-issuer years; retain acquired/delisted firms through last eligible public firm-year
0001620546,Baxalta,BXLT,health_care,2015-07-01,2016-06-03,1,PENDING_10K_USGAAP_SCREEN,Retain firm-year only when fiscal year-end falls within an S&P 500 membership interval,Exclude 20-F/40-F/foreign-private-issuer years; retain acquired/delisted firms through last eligible public firm-year
0000010456,Baxter International,BAX,health_care,1972-09-30,,1,PENDING_10K_USGAAP_SCREEN,Retain firm-year only when fiscal year-end falls within an S&P 500 membership interval,Exclude 20-F/40-F/foreign-private-issuer years; retain acquired/delisted firms through last eligible public firm-year
0000789073,Beam Inc.,FO|BEAM,consumer_discretionary|consumer_staples,2007-03-05,2014-05-01,2,PENDING_10K_USGAAP_SCREEN,Retain firm-year only when fiscal year-end falls within an S&P 500 membership interval,Exclude 20-F/40-F/foreign-private-issuer years; retain acquired/delisted firms through last eligible public firm-year
0000010795,Becton Dickinson,BDX,health_care,1972-09-30,,1,PENDING_10K_USGAAP_SCREEN,Retain firm-year only when fiscal year-end falls within an S&P 500 membership interval,Exclude 20-F/40-F/foreign-private-issuer years; retain acquired/delisted firms through last eligible public firm-year
0000886158,Bed Bath & Beyond,BBBY,consumer_discretionary,2007-03-05,2017-07-26,1,PENDING_10K_USGAAP_SCREEN,Retain firm-year only when fiscal year-end falls within an S&P 500 membership interval,Exclude 20-F/40-F/foreign-private-issuer years; retain acquired/delisted firms through last eligible public firm-year
0000011199,Bemis Company,BMS,materials,1978-09-30,2014-12-05,1,PENDING_10K_USGAAP_SCREEN,Retain firm-year only when fiscal year-end falls within an S&P 500 membership interval,Exclude 20-F/40-F/foreign-private-issuer years; retain acquired/delisted firms through last eligible public firm-year
0000764478,Best Buy,BBY,consumer_discretionary,1999-06-29,,1,PENDING_10K_USGAAP_SCREEN,Retain firm-year only when fiscal year-end falls within an S&P 500 membership interval,Exclude 20-F/40-F/foreign-private-issuer years; retain acquired/delisted firms through last eligible public firm-year
0000768835,Big Lots Inc.,BIG,consumer_discretionary,2007-03-05,2013-02-15,1,PENDING_10K_USGAAP_SCREEN,Retain firm-year only when fiscal year-end falls within an S&P 500 membership interval,Exclude 20-F/40-F/foreign-private-issuer years; retain acquired/delisted firms through last eligible public firm-year
0000012208,Bio-Rad Laboratories,BIO,health_care,2020-06-22,2024-09-23,1,PENDING_10K_USGAAP_SCREEN,Retain firm-year only when fiscal year-end falls within an S&P 500 membership interval,Exclude 20-F/40-F/foreign-private-issuer years; retain acquired/delisted firms through last eligible public firm-year
0000842023,Bio-Techne,TECH,health_care,2021-08-30,,1,PENDING_10K_USGAAP_SCREEN,Retain firm-year only when fiscal year-end falls within an S&P 500 membership interval,Exclude 20-F/40-F/foreign-private-issuer years; retain acquired/delisted firms through last eligible public firm-year
0000875045,Biogen,BIIB,health_care,2003-11-13,,1,PENDING_10K_USGAAP_SCREEN,Retain firm-year only when fiscal year-end falls within an S&P 500 membership interval,Exclude 20-F/40-F/foreign-private-issuer years; retain acquired/delisted firms through last eligible public firm-year
0000864328,BJ Services Company,BJS,energy,2007-03-05,2010-04-29,1,PENDING_10K_USGAAP_SCREEN,Retain firm-year only when fiscal year-end falls within an S&P 500 membership interval,Exclude 20-F/40-F/foreign-private-issuer years; retain acquired/delisted firms through last eligible public firm-year
0000093556,Black & Decker Corp.,SWK|BDK,industrials|consumer_discretionary,1982-09-30,,2,PENDING_10K_USGAAP_SCREEN,Retain firm-year only when fiscal year-end falls within an S&P 500 membership interval,Exclude 20-F/40-F/foreign-private-issuer years; retain acquired/delisted firms through last eligible public firm-year
0000835729,BMC Software,BMC,information_technology,2007-03-05,2013-09-10,1,PENDING_10K_USGAAP_SCREEN,Retain firm-year only when fiscal year-end falls within an S&P 500 membership interval,Exclude 20-F/40-F/foreign-private-issuer years; retain acquired/delisted firms through last eligible public firm-year
0000012927,Boeing,BA,industrials,1957-03-04,,1,PENDING_10K_USGAAP_SCREEN,Retain firm-year only when fiscal year-end falls within an S&P 500 membership interval,Exclude 20-F/40-F/foreign-private-issuer years; retain acquired/delisted firms through last eligible public firm-year
0000908255,BorgWarner,BWA,consumer_discretionary,2011-12-19,2025-03-24,1,PENDING_10K_USGAAP_SCREEN,Retain firm-year only when fiscal year-end falls within an S&P 500 membership interval,Exclude 20-F/40-F/foreign-private-issuer years; retain acquired/delisted firms through last eligible public firm-year
0000885725,Boston Scientific,BSX,health_care,1995-02-24,,1,PENDING_10K_USGAAP_SCREEN,Retain firm-year only when fiscal year-end falls within an S&P 500 membership interval,Exclude 20-F/40-F/foreign-private-issuer years; retain acquired/delisted firms through last eligible public firm-year
0000014272,Bristol Myers Squibb,BMY,health_care,1957-03-04,,1,PENDING_10K_USGAAP_SCREEN,Retain firm-year only when fiscal year-end falls within an S&P 500 membership interval,Exclude 20-F/40-F/foreign-private-issuer years; retain acquired/delisted firms through last eligible public firm-year
0001730168,Broadcom,AVGO,information_technology,2014-05-08,,1,PENDING_10K_USGAAP_SCREEN,Retain firm-year only when fiscal year-end falls within an S&P 500 membership interval,Exclude 20-F/40-F/foreign-private-issuer years; retain acquired/delisted firms through last eligible public firm-year
0001054374,Broadcom Corporation,BRCM,information_technology,2007-03-05,2016-02-01,1,PENDING_10K_USGAAP_SCREEN,Retain firm-year only when fiscal year-end falls within an S&P 500 membership interval,Exclude 20-F/40-F/foreign-private-issuer years; retain acquired/delisted firms through last eligible public firm-year
0001383312,Broadridge Financial Solutions,BR,industrials,2018-06-18,,1,PENDING_10K_USGAAP_SCREEN,Retain firm-year only when fiscal year-end falls within an S&P 500 membership interval,Exclude 20-F/40-F/foreign-private-issuer years; retain acquired/delisted firms through last eligible public firm-year
0000014693,Brown–Forman,BF.B,consumer_staples,1982-10-31,,1,PENDING_10K_USGAAP_SCREEN,Retain firm-year only when fiscal year-end falls within an S&P 500 membership interval,Exclude 20-F/40-F/foreign-private-issuer years; retain acquired/delisted firms through last eligible public firm-year
0001316835,Builders FirstSource,BLDR,industrials,2023-12-18,2026-09-20,1,PENDING_10K_USGAAP_SCREEN,Retain firm-year only when fiscal year-end falls within an S&P 500 membership interval,Exclude 20-F/40-F/foreign-private-issuer years; retain acquired/delisted firms through last eligible public firm-year
0001996862,Bunge Global,BG,consumer_staples,2023-03-15,,1,PENDING_10K_USGAAP_SCREEN,Retain firm-year only when fiscal year-end falls within an S&P 500 membership interval,Exclude 20-F/40-F/foreign-private-issuer years; retain acquired/delisted firms through last eligible public firm-year
0000934612,Burlington Northern Santa Fe Corp.,BNI,industrials,2007-03-05,2010-01-27,1,PENDING_10K_USGAAP_SCREEN,Retain firm-year only when fiscal year-end falls within an S&P 500 membership interval,Exclude 20-F/40-F/foreign-private-issuer years; retain acquired/delisted firms through last eligible public firm-year
0001043277,C.H. Robinson,CHRW,industrials,2007-03-02,,1,PENDING_10K_USGAAP_SCREEN,Retain firm-year only when fiscal year-end falls within an S&P 500 membership interval,Exclude 20-F/40-F/foreign-private-issuer years; retain acquired/delisted firms through last eligible public firm-year
0000356028,"CA, Inc.",CA,information_technology,1987-07-31,2018-11-06,1,PENDING_10K_USGAAP_SCREEN,Retain firm-year only when fiscal year-end falls within an S&P 500 membership interval,Exclude 20-F/40-F/foreign-private-issuer years; retain acquired/delisted firms through last eligible public firm-year
0001053112,Cablevision Systems Corp.,CVC,consumer_discretionary,2010-12-20,2016-06-22,1,PENDING_10K_USGAAP_SCREEN,Retain firm-year only when fiscal year-end falls within an S&P 500 membership interval,Exclude 20-F/40-F/foreign-private-issuer years; retain acquired/delisted firms through last eligible public firm-year
0000813672,Cadence Design Systems,CDNS,information_technology,2017-09-18,,1,PENDING_10K_USGAAP_SCREEN,Retain firm-year only when fiscal year-end falls within an S&P 500 membership interval,Exclude 20-F/40-F/foreign-private-issuer years; retain acquired/delisted firms through last eligible public firm-year
0001590895,Caesars Entertainment,CZR,consumer_discretionary,2021-03-22,2025-09-22,1,PENDING_10K_USGAAP_SCREEN,Retain firm-year only when fiscal year-end falls within an S&P 500 membership interval,Exclude 20-F/40-F/foreign-private-issuer years; retain acquired/delisted firms through last eligible public firm-year
0000941548,Cameron International Corp.,CAM,energy,2008-01-29,2016-04-04,1,PENDING_10K_USGAAP_SCREEN,Retain firm-year only when fiscal year-end falls within an S&P 500 membership interval,Exclude 20-F/40-F/foreign-private-issuer years; retain acquired/delisted firms through last eligible public firm-year
0000016732,Campbell's Company (The),CPB,consumer_staples,1957-03-04,2026-06-22,1,PENDING_10K_USGAAP_SCREEN,Retain firm-year only when fiscal year-end falls within an S&P 500 membership interval,Exclude 20-F/40-F/foreign-private-issuer years; retain acquired/delisted firms through last eligible public firm-year
0000721371,Cardinal Health,CAH,health_care,1997-05-27,,1,PENDING_10K_USGAAP_SCREEN,Retain firm-year only when fiscal year-end falls within an S&P 500 membership interval,Exclude 20-F/40-F/foreign-private-issuer years; retain acquired/delisted firms through last eligible public firm-year
0001457543,Carefusion,CFN,health_care,2009-10-01,2015-03-18,1,PENDING_10K_USGAAP_SCREEN,Retain firm-year only when fiscal year-end falls within an S&P 500 membership interval,Exclude 20-F/40-F/foreign-private-issuer years; retain acquired/delisted firms through last eligible public firm-year
0001170010,CarMax,KMX,consumer_discretionary,2010-06-28,2025-10-31,1,PENDING_10K_USGAAP_SCREEN,Retain firm-year only when fiscal year-end falls within an S&P 500 membership interval,Exclude 20-F/40-F/foreign-private-issuer years; retain acquired/delisted firms through last eligible public firm-year
0000815097,Carnival Corporation,CCL,consumer_discretionary,1998-12-22,,1,PENDING_10K_USGAAP_SCREEN,Retain firm-year only when fiscal year-end falls within an S&P 500 membership interval,Exclude 20-F/40-F/foreign-private-issuer years; retain acquired/delisted firms through last eligible public firm-year
0001783180,Carrier Global,CARR,industrials,2020-04-03,,1,PENDING_10K_USGAAP_SCREEN,Retain firm-year only when fiscal year-end falls within an S&P 500 membership interval,Exclude 20-F/40-F/foreign-private-issuer years; retain acquired/delisted firms through last eligible public firm-year
0001690820,Carvana,CVNA,consumer_discretionary,2025-12-22,,1,PENDING_10K_USGAAP_SCREEN,Retain firm-year only when fiscal year-end falls within an S&P 500 membership interval,Exclude 20-F/40-F/foreign-private-issuer years; retain acquired/delisted firms through last eligible public firm-year
0001596783,Catalent,CTLT,health_care,2020-09-21,2024-12-23,1,PENDING_10K_USGAAP_SCREEN,Retain firm-year only when fiscal year-end falls within an S&P 500 membership interval,Exclude 20-F/40-F/foreign-private-issuer years; retain acquired/delisted firms through last eligible public firm-year
0000018230,Caterpillar Inc.,CAT,industrials,1957-03-04,,1,PENDING_10K_USGAAP_SCREEN,Retain firm-year only when fiscal year-end falls within an S&P 500 membership interval,Exclude 20-F/40-F/foreign-private-issuer years; retain acquired/delisted firms through last eligible public firm-year
0001402057,CDW Corporation,CDW,information_technology,2019-09-23,,1,PENDING_10K_USGAAP_SCREEN,Retain firm-year only when fiscal year-end falls within an S&P 500 membership interval,Exclude 20-F/40-F/foreign-private-issuer years; retain acquired/delisted firms through last eligible public firm-year
0001306830,Celanese,CE,materials,2018-12-24,2025-03-24,1,PENDING_10K_USGAAP_SCREEN,Retain firm-year only when fiscal year-end falls within an S&P 500 membership interval,Exclude 20-F/40-F/foreign-private-issuer years; retain acquired/delisted firms through last eligible public firm-year
0000816284,Celgene Corp.,CELG,health_care,2006-11-06,2019-11-21,1,PENDING_10K_USGAAP_SCREEN,Retain firm-year only when fiscal year-end falls within an S&P 500 membership interval,Exclude 20-F/40-F/foreign-private-issuer years; retain acquired/delisted firms through last eligible public firm-year
0001140859,Cencora,ABC|COR,health_care,2001-08-30,,2,PENDING_10K_USGAAP_SCREEN,Retain firm-year only when fiscal year-end falls within an S&P 500 membership interval,Exclude 20-F/40-F/foreign-private-issuer years; retain acquired/delisted firms through last eligible public firm-year
0001071739,Centene Corporation,CNC,health_care,2016-03-30,,1,PENDING_10K_USGAAP_SCREEN,Retain firm-year only when fiscal year-end falls within an S&P 500 membership interval,Exclude 20-F/40-F/foreign-private-issuer years; retain acquired/delisted firms through last eligible public firm-year
0000873364,Cephalon Inc,CEPH,health_care,2009-06-01,2011-10-14,1,PENDING_10K_USGAAP_SCREEN,Retain firm-year only when fiscal year-end falls within an S&P 500 membership interval,Exclude 20-F/40-F/foreign-private-issuer years; retain acquired/delisted firms through last eligible public firm-year
0000804753,Cerner,CERN,health_care,2010-04-30,2022-06-08,1,PENDING_10K_USGAAP_SCREEN,Retain firm-year only when fiscal year-end falls within an S&P 500 membership interval,Exclude 20-F/40-F/foreign-private-issuer years; retain acquired/delisted firms through last eligible public firm-year
0001324404,CF Industries,CF,materials,2008-08-27,,1,PENDING_10K_USGAAP_SCREEN,Retain firm-year only when fiscal year-end falls within an S&P 500 membership interval,Exclude 20-F/40-F/foreign-private-issuer years; retain acquired/delisted firms through last eligible public firm-year
0001100682,Charles River Laboratories,CRL,health_care,2021-05-14,,1,PENDING_10K_USGAAP_SCREEN,Retain firm-year only when fiscal year-end falls within an S&P 500 membership interval,Exclude 20-F/40-F/foreign-private-issuer years; retain acquired/delisted firms through last eligible public firm-year
0001091667,Charter Communications,CHTR,communication_services,2016-09-08,,1,PENDING_10K_USGAAP_SCREEN,Retain firm-year only when fiscal year-end falls within an S&P 500 membership interval,Exclude 20-F/40-F/foreign-private-issuer years; retain acquired/delisted firms through last eligible public firm-year
0000093410,Chevron Corporation,CVX,energy,1957-03-04,,1,PENDING_10K_USGAAP_SCREEN,Retain firm-year only when fiscal year-end falls within an S&P 500 membership interval,Exclude 20-F/40-F/foreign-private-issuer years; retain acquired/delisted firms through last eligible public firm-year
0001058090,Chipotle Mexican Grill,CMG,consumer_discretionary,2011-04-28,,1,PENDING_10K_USGAAP_SCREEN,Retain firm-year only when fiscal year-end falls within an S&P 500 membership interval,Exclude 20-F/40-F/foreign-private-issuer years; retain acquired/delisted firms through last eligible public firm-year
0000313927,Church & Dwight,CHD,consumer_staples,2015-12-29,,1,PENDING_10K_USGAAP_SCREEN,Retain firm-year only when fiscal year-end falls within an S&P 500 membership interval,Exclude 20-F/40-F/foreign-private-issuer years; retain acquired/delisted firms through last eligible public firm-year
0001739940,Cigna,CI,health_care,1976-06-30,,1,PENDING_10K_USGAAP_SCREEN,Retain firm-year only when fiscal year-end falls within an S&P 500 membership interval,Exclude 20-F/40-F/foreign-private-issuer years; retain acquired/delisted firms through last eligible public firm-year
0001168054,Cimarex Energy,XEC,energy,2014-06-21,2020-03-02,1,PENDING_10K_USGAAP_SCREEN,Retain firm-year only when fiscal year-end falls within an S&P 500 membership interval,Exclude 20-F/40-F/foreign-private-issuer years; retain acquired/delisted firms through last eligible public firm-year
0000723254,Cintas,CTAS,industrials,2001-03-01,,1,PENDING_10K_USGAAP_SCREEN,Retain firm-year only when fiscal year-end falls within an S&P 500 membership interval,Exclude 20-F/40-F/foreign-private-issuer years; retain acquired/delisted firms through last eligible public firm-year
0000858877,Cisco,CSCO,information_technology,1993-12-01,,1,PENDING_10K_USGAAP_SCREEN,Retain firm-year only when fiscal year-end falls within an S&P 500 membership interval,Exclude 20-F/40-F/foreign-private-issuer years; retain acquired/delisted firms through last eligible public firm-year
0000877890,Citrix,CTXS,information_technology,1999-12-01,2022-10-03,1,PENDING_10K_USGAAP_SCREEN,Retain firm-year only when fiscal year-end falls within an S&P 500 membership interval,Exclude 20-F/40-F/foreign-private-issuer years; retain acquired/delisted firms through last eligible public firm-year
0000076406,Cliffs Natural Resources,CLF,materials,2010-01-22,2014-04-02,1,PENDING_10K_USGAAP_SCREEN,Retain firm-year only when fiscal year-end falls within an S&P 500 membership interval,Exclude 20-F/40-F/foreign-private-issuer years; retain acquired/delisted firms through last eligible public firm-year
0000021076,Clorox,CLX,consumer_staples,1969-03-31,,1,PENDING_10K_USGAAP_SCREEN,Retain firm-year only when fiscal year-end falls within an S&P 500 membership interval,Exclude 20-F/40-F/foreign-private-issuer years; retain acquired/delisted firms through last eligible public firm-year
0001116132,Coach Inc.,TPR|COH,consumer_discretionary,2004-09-01,,2,PENDING_10K_USGAAP_SCREEN,Retain firm-year only when fiscal year-end falls within an S&P 500 membership interval,Exclude 20-F/40-F/foreign-private-issuer years; retain acquired/delisted firms through last eligible public firm-year
0000021344,Coca-Cola Company (The),KO,consumer_staples,1957-03-04,,1,PENDING_10K_USGAAP_SCREEN,Retain firm-year only when fiscal year-end falls within an S&P 500 membership interval,Exclude 20-F/40-F/foreign-private-issuer years; retain acquired/delisted firms through last eligible public firm-year
0001491675,Coca-Cola Enterprises,CCE,consumer_staples,2007-03-05,2016-05-31,1,PENDING_10K_USGAAP_SCREEN,Retain firm-year only when fiscal year-end falls within an S&P 500 membership interval,Exclude 20-F/40-F/foreign-private-issuer years; retain acquired/delisted firms through last eligible public firm-year
0001058290,Cognizant,CTSH,information_technology,2006-11-17,,1,PENDING_10K_USGAAP_SCREEN,Retain firm-year only when fiscal year-end falls within an S&P 500 membership interval,Exclude 20-F/40-F/foreign-private-issuer years; retain acquired/delisted firms through last eligible public firm-year
0000021665,Colgate-Palmolive,CL,consumer_staples,1957-03-04,,1,PENDING_10K_USGAAP_SCREEN,Retain firm-year only when fiscal year-end falls within an S&P 500 membership interval,Exclude 20-F/40-F/foreign-private-issuer years; retain acquired/delisted firms through last eligible public firm-year
0001629995,Columbia Pipeline Group Inc,CPGX,energy,2015-07-02,2016-07-05,1,PENDING_10K_USGAAP_SCREEN,Retain firm-year only when fiscal year-end falls within an S&P 500 membership interval,Exclude 20-F/40-F/foreign-private-issuer years; retain acquired/delisted firms through last eligible public firm-year
0001166691,Comcast Special Corp Class A,CMCSA|CMCSK,communication_services|consumer_discretionary,2002-11-19,,2,PENDING_10K_USGAAP_SCREEN,Retain firm-year only when fiscal year-end falls within an S&P 500 membership interval,Exclude 20-F/40-F/foreign-private-issuer years; retain acquired/delisted firms through last eligible public firm-year
0001035983,Comfort Systems USA,FIX,industrials,2025-12-22,,1,PENDING_10K_USGAAP_SCREEN,Retain firm-year only when fiscal year-end falls within an S&P 500 membership interval,Exclude 20-F/40-F/foreign-private-issuer years; retain acquired/delisted firms through last eligible public firm-year
0000023082,Computer Sciences Corp.,CSC,information_technology,1981-06-30,2015-12-01,1,PENDING_10K_USGAAP_SCREEN,Retain firm-year only when fiscal year-end falls within an S&P 500 membership interval,Exclude 20-F/40-F/foreign-private-issuer years; retain acquired/delisted firms through last eligible public firm-year
0000859014,Compuware Corp.,CPWR,information_technology,2007-03-05,2011-12-31,1,PENDING_10K_USGAAP_SCREEN,Retain firm-year only when fiscal year-end falls within an S&P 500 membership interval,Exclude 20-F/40-F/foreign-private-issuer years; retain acquired/delisted firms through last eligible public firm-year
0000023217,Conagra Brands,CAG,consumer_staples,1983-08-31,2026-06-30,1,PENDING_10K_USGAAP_SCREEN,Retain firm-year only when fiscal year-end falls within an S&P 500 membership interval,Exclude 20-F/40-F/foreign-private-issuer years; retain acquired/delisted firms through last eligible public firm-year
0001358071,Concho Resources,CXO,energy,2016-02-22,2021-01-21,1,PENDING_10K_USGAAP_SCREEN,Retain firm-year only when fiscal year-end falls within an S&P 500 membership interval,Exclude 20-F/40-F/foreign-private-issuer years; retain acquired/delisted firms through last eligible public firm-year
0001163165,ConocoPhillips,COP,energy,1957-03-04,,1,PENDING_10K_USGAAP_SCREEN,Retain firm-year only when fiscal year-end falls within an S&P 500 membership interval,Exclude 20-F/40-F/foreign-private-issuer years; retain acquired/delisted firms through last eligible public firm-year
0001070412,CONSOL Energy Inc.,CNX,energy,2007-03-05,2016-03-04,1,PENDING_10K_USGAAP_SCREEN,Retain firm-year only when fiscal year-end falls within an S&P 500 membership interval,Exclude 20-F/40-F/foreign-private-issuer years; retain acquired/delisted firms through last eligible public firm-year
0000016918,Constellation Brands,STZ,consumer_staples,2005-07-01,,1,PENDING_10K_USGAAP_SCREEN,Retain firm-year only when fiscal year-end falls within an S&P 500 membership interval,Exclude 20-F/40-F/foreign-private-issuer years; retain acquired/delisted firms through last eligible public firm-year
0000711404,Cooper Companies (The),COO,health_care,2016-09-23,,1,PENDING_10K_USGAAP_SCREEN,Retain firm-year only when fiscal year-end falls within an S&P 500 membership interval,Exclude 20-F/40-F/foreign-private-issuer years; retain acquired/delisted firms through last eligible public firm-year
0001141982,Cooper Industries,CBE,industrials,2011-11-30,2012-12-03,1,PENDING_10K_USGAAP_SCREEN,Retain firm-year only when fiscal year-end falls within an S&P 500 membership interval,Exclude 20-F/40-F/foreign-private-issuer years; retain acquired/delisted firms through last eligible public firm-year
0000900075,Copart,CPRT,industrials,2018-07-02,,1,PENDING_10K_USGAAP_SCREEN,Retain firm-year only when fiscal year-end falls within an S&P 500 membership interval,Exclude 20-F/40-F/foreign-private-issuer years; retain acquired/delisted firms through last eligible public firm-year
0000024741,Corning Inc.,GLW,information_technology,1995-02-27,,1,PENDING_10K_USGAAP_SCREEN,Retain firm-year only when fiscal year-end falls within an S&P 500 membership interval,Exclude 20-F/40-F/foreign-private-issuer years; retain acquired/delisted firms through last eligible public firm-year
0001755672,Corteva,CTVA,materials,2019-06-03,,1,PENDING_10K_USGAAP_SCREEN,Retain firm-year only when fiscal year-end falls within an S&P 500 membership interval,Exclude 20-F/40-F/foreign-private-issuer years; retain acquired/delisted firms through last eligible public firm-year
0000909832,Costco,COST,consumer_staples,1993-10-01,,1,PENDING_10K_USGAAP_SCREEN,Retain firm-year only when fiscal year-end falls within an S&P 500 membership interval,Exclude 20-F/40-F/foreign-private-issuer years; retain acquired/delisted firms through last eligible public firm-year
0000858470,Coterra,COG|CTRA,energy,2008-06-23,2026-05-07,2,PENDING_10K_USGAAP_SCREEN,Retain firm-year only when fiscal year-end falls within an S&P 500 membership interval,Exclude 20-F/40-F/foreign-private-issuer years; retain acquired/delisted firms through last eligible public firm-year
0001024305,"Coty, Inc",COTY,consumer_staples,2016-10-03,2020-09-21,1,PENDING_10K_USGAAP_SCREEN,Retain firm-year only when fiscal year-end falls within an S&P 500 membership interval,Exclude 20-F/40-F/foreign-private-issuer years; retain acquired/delisted firms through last eligible public firm-year
0001054833,Coventry Health Care Inc.,CVH,health_care,2007-03-05,2013-05-08,1,PENDING_10K_USGAAP_SCREEN,Retain firm-year only when fiscal year-end falls within an S&P 500 membership interval,Exclude 20-F/40-F/foreign-private-issuer years; retain acquired/delisted firms through last eligible public firm-year
0001385187,Covidien plc,COV,health_care,2011-03-07,2015-01-27,1,PENDING_10K_USGAAP_SCREEN,Retain firm-year only when fiscal year-end falls within an S&P 500 membership interval,Exclude 20-F/40-F/foreign-private-issuer years; retain acquired/delisted firms through last eligible public firm-year
0000849395,CRH plc,CRH,materials,2025-12-22,,1,PENDING_10K_USGAAP_SCREEN,Retain firm-year only when fiscal year-end falls within an S&P 500 membership interval,Exclude 20-F/40-F/foreign-private-issuer years; retain acquired/delisted firms through last eligible public firm-year
0001535527,CrowdStrike,CRWD,information_technology,2024-06-24,,1,PENDING_10K_USGAAP_SCREEN,Retain firm-year only when fiscal year-end falls within an S&P 500 membership interval,Exclude 20-F/40-F/foreign-private-issuer years; retain acquired/delisted firms through last eligible public firm-year
0001646383,CSRA Inc.,CSRA,information_technology,2015-12-01,2018-04-04,1,PENDING_10K_USGAAP_SCREEN,Retain firm-year only when fiscal year-end falls within an S&P 500 membership interval,Exclude 20-F/40-F/foreign-private-issuer years; retain acquired/delisted firms through last eligible public firm-year
0000277948,CSX Corporation,CSX,industrials,1957-03-04,,1,PENDING_10K_USGAAP_SCREEN,Retain firm-year only when fiscal year-end falls within an S&P 500 membership interval,Exclude 20-F/40-F/foreign-private-issuer years; retain acquired/delisted firms through last eligible public firm-year
0000026172,Cummins,CMI,industrials,1965-03-31,,1,PENDING_10K_USGAAP_SCREEN,Retain firm-year only when fiscal year-end falls within an S&P 500 membership interval,Exclude 20-F/40-F/foreign-private-issuer years; retain acquired/delisted firms through last eligible public firm-year
0000064803,CVS Health,CVS,health_care,1957-03-04,,1,PENDING_10K_USGAAP_SCREEN,Retain firm-year only when fiscal year-end falls within an S&P 500 membership interval,Exclude 20-F/40-F/foreign-private-issuer years; retain acquired/delisted firms through last eligible public firm-year
0000882184,D. R. Horton,DHI,consumer_discretionary,2005-06-22,,1,PENDING_10K_USGAAP_SCREEN,Retain firm-year only when fiscal year-end falls within an S&P 500 membership interval,Exclude 20-F/40-F/foreign-private-issuer years; retain acquired/delisted firms through last eligible public firm-year
0000313616,Danaher Corporation,DHR,health_care,1998-11-18,,1,PENDING_10K_USGAAP_SCREEN,Retain firm-year only when fiscal year-end falls within an S&P 500 membership interval,Exclude 20-F/40-F/foreign-private-issuer years; retain acquired/delisted firms through last eligible public firm-year
0000940944,Darden Restaurants,DRI,consumer_discretionary,1995-05-31,,1,PENDING_10K_USGAAP_SCREEN,Retain firm-year only when fiscal year-end falls within an S&P 500 membership interval,Exclude 20-F/40-F/foreign-private-issuer years; retain acquired/delisted firms through last eligible public firm-year
0001561550,Datadog,DDOG,information_technology,2025-07-09,,1,PENDING_10K_USGAAP_SCREEN,Retain firm-year only when fiscal year-end falls within an S&P 500 membership interval,Exclude 20-F/40-F/foreign-private-issuer years; retain acquired/delisted firms through last eligible public firm-year
0000927066,DaVita,DVA,health_care,2008-07-31,,1,PENDING_10K_USGAAP_SCREEN,Retain firm-year only when fiscal year-end falls within an S&P 500 membership interval,Exclude 20-F/40-F/foreign-private-issuer years; retain acquired/delisted firms through last eligible public firm-year
0001725057,Dayforce,CDAY|DAY,industrials,2021-09-20,2026-02-09,2,PENDING_10K_USGAAP_SCREEN,Retain firm-year only when fiscal year-end falls within an S&P 500 membership interval,Exclude 20-F/40-F/foreign-private-issuer years; retain acquired/delisted firms through last eligible public firm-year
0000931336,Dean Foods,DF,consumer_staples,2007-03-05,2013-05-23,1,PENDING_10K_USGAAP_SCREEN,Retain firm-year only when fiscal year-end falls within an S&P 500 membership interval,Exclude 20-F/40-F/foreign-private-issuer years; retain acquired/delisted firms through last eligible public firm-year
0000910521,Deckers Brands,DECK,consumer_discretionary,2024-03-18,,1,PENDING_10K_USGAAP_SCREEN,Retain firm-year only when fiscal year-end falls within an S&P 500 membership interval,Exclude 20-F/40-F/foreign-private-issuer years; retain acquired/delisted firms through last eligible public firm-year
0000315189,Deere & Company,DE,industrials,1957-03-04,,1,PENDING_10K_USGAAP_SCREEN,Retain firm-year only when fiscal year-end falls within an S&P 500 membership interval,Exclude 20-F/40-F/foreign-private-issuer years; retain acquired/delisted firms through last eligible public firm-year
0000826083,Dell Inc.,DELL,information_technology,2007-03-05,2013-10-29,1,PENDING_10K_USGAAP_SCREEN,Retain firm-year only when fiscal year-end falls within an S&P 500 membership interval,Exclude 20-F/40-F/foreign-private-issuer years; retain acquired/delisted firms through last eligible public firm-year
0001571996,Dell Technologies,DELL,information_technology,2024-09-23,,1,PENDING_10K_USGAAP_SCREEN,Retain firm-year only when fiscal year-end falls within an S&P 500 membership interval,Exclude 20-F/40-F/foreign-private-issuer years; retain acquired/delisted firms through last eligible public firm-year
0001521332,Delphi Automotive PLC,APTV|DLPH,consumer_discretionary,2012-12-24,,2,PENDING_10K_USGAAP_SCREEN,Retain firm-year only when fiscal year-end falls within an S&P 500 membership interval,Exclude 20-F/40-F/foreign-private-issuer years; retain acquired/delisted firms through last eligible public firm-year
0000027904,Delta Air Lines,DAL,industrials,2013-09-11,,1,PENDING_10K_USGAAP_SCREEN,Retain firm-year only when fiscal year-end falls within an S&P 500 membership interval,Exclude 20-F/40-F/foreign-private-issuer years; retain acquired/delisted firms through last eligible public firm-year
0000945764,Denbury Resources Inc.,DNR,energy,2009-04-06,2015-03-23,1,PENDING_10K_USGAAP_SCREEN,Retain firm-year only when fiscal year-end falls within an S&P 500 membership interval,Exclude 20-F/40-F/foreign-private-issuer years; retain acquired/delisted firms through last eligible public firm-year
0000818479,Dentsply Sirona,XRAY,health_care,2008-11-14,2024-04-03,1,PENDING_10K_USGAAP_SCREEN,Retain firm-year only when fiscal year-end falls within an S&P 500 membership interval,Exclude 20-F/40-F/foreign-private-issuer years; retain acquired/delisted firms through last eligible public firm-year
0001090012,Devon Energy,DVN,energy,2000-08-30,,1,PENDING_10K_USGAAP_SCREEN,Retain firm-year only when fiscal year-end falls within an S&P 500 membership interval,Exclude 20-F/40-F/foreign-private-issuer years; retain acquired/delisted firms through last eligible public firm-year
0000730464,"DeVry, Inc.",DV,consumer_discretionary,2009-06-10,2012-10-01,1,PENDING_10K_USGAAP_SCREEN,Retain firm-year only when fiscal year-end falls within an S&P 500 membership interval,Exclude 20-F/40-F/foreign-private-issuer years; retain acquired/delisted firms through last eligible public firm-year
0001093557,Dexcom,DXCM,health_care,2020-05-12,,1,PENDING_10K_USGAAP_SCREEN,Retain firm-year only when fiscal year-end falls within an S&P 500 membership interval,Exclude 20-F/40-F/foreign-private-issuer years; retain acquired/delisted firms through last eligible public firm-year
0000949039,Diamond Offshore Drilling,DO,energy,2009-02-26,2016-09-30,1,PENDING_10K_USGAAP_SCREEN,Retain firm-year only when fiscal year-end falls within an S&P 500 membership interval,Exclude 20-F/40-F/foreign-private-issuer years; retain acquired/delisted firms through last eligible public firm-year
0001539838,Diamondback Energy,FANG,energy,2018-12-03,,1,PENDING_10K_USGAAP_SCREEN,Retain firm-year only when fiscal year-end falls within an S&P 500 membership interval,Exclude 20-F/40-F/foreign-private-issuer years; retain acquired/delisted firms through last eligible public firm-year
0001465112,DirecTV,DTV,consumer_discretionary,2007-03-05,2015-07-29,1,PENDING_10K_USGAAP_SCREEN,Retain firm-year only when fiscal year-end falls within an S&P 500 membership interval,Exclude 20-F/40-F/foreign-private-issuer years; retain acquired/delisted firms through last eligible public firm-year
0001001082,Dish Network,DISH,communication_services,2017-03-13,2023-06-20,1,PENDING_10K_USGAAP_SCREEN,Retain firm-year only when fiscal year-end falls within an S&P 500 membership interval,Exclude 20-F/40-F/foreign-private-issuer years; retain acquired/delisted firms through last eligible public firm-year
0000029534,Dollar General,DG,consumer_staples,2012-12-03,,1,PENDING_10K_USGAAP_SCREEN,Retain firm-year only when fiscal year-end falls within an S&P 500 membership interval,Exclude 20-F/40-F/foreign-private-issuer years; retain acquired/delisted firms through last eligible public firm-year
0000935703,Dollar Tree,DLTR,consumer_staples,2011-12-19,,1,PENDING_10K_USGAAP_SCREEN,Retain firm-year only when fiscal year-end falls within an S&P 500 membership interval,Exclude 20-F/40-F/foreign-private-issuer years; retain acquired/delisted firms through last eligible public firm-year
0001286681,Domino's,DPZ,consumer_discretionary,2020-05-12,,1,PENDING_10K_USGAAP_SCREEN,Retain firm-year only when fiscal year-end falls within an S&P 500 membership interval,Exclude 20-F/40-F/foreign-private-issuer years; retain acquired/delisted firms through last eligible public firm-year
0000029669,Donnelley (R.R.) & Sons,RRD,industrials,2007-03-05,2012-12-11,1,PENDING_10K_USGAAP_SCREEN,Retain firm-year only when fiscal year-end falls within an S&P 500 membership interval,Exclude 20-F/40-F/foreign-private-issuer years; retain acquired/delisted firms through last eligible public firm-year
0001792789,DoorDash,DASH,consumer_discretionary,2025-03-24,,1,PENDING_10K_USGAAP_SCREEN,Retain firm-year only when fiscal year-end falls within an S&P 500 membership interval,Exclude 20-F/40-F/foreign-private-issuer years; retain acquired/delisted firms through last eligible public firm-year
0000029905,Dover Corporation,DOV,industrials,1985-10-31,,1,PENDING_10K_USGAAP_SCREEN,Retain firm-year only when fiscal year-end falls within an S&P 500 membership interval,Exclude 20-F/40-F/foreign-private-issuer years; retain acquired/delisted firms through last eligible public firm-year
0000029915,Dow Chemical,DOW,materials,2007-03-05,2017-09-01,1,PENDING_10K_USGAAP_SCREEN,Retain firm-year only when fiscal year-end falls within an S&P 500 membership interval,Exclude 20-F/40-F/foreign-private-issuer years; retain acquired/delisted firms through last eligible public firm-year
0001751788,Dow Inc.,DOW,materials,2019-04-01,,1,PENDING_10K_USGAAP_SCREEN,Retain firm-year only when fiscal year-end falls within an S&P 500 membership interval,Exclude 20-F/40-F/foreign-private-issuer years; retain acquired/delisted firms through last eligible public firm-year
0000030554,Du Pont (E.I.),DD,materials,2007-03-05,2017-09-01,1,PENDING_10K_USGAAP_SCREEN,Retain firm-year only when fiscal year-end falls within an S&P 500 membership interval,Exclude 20-F/40-F/foreign-private-issuer years; retain acquired/delisted firms through last eligible public firm-year
0001115222,Dun & Bradstreet,DNB,industrials,2008-12-02,2017-04-05,1,PENDING_10K_USGAAP_SCREEN,Retain firm-year only when fiscal year-end falls within an S&P 500 membership interval,Exclude 20-F/40-F/foreign-private-issuer years; retain acquired/delisted firms through last eligible public firm-year
0001666700,DuPont,DWDP|DD,materials|industrials,2017-09-01,,2,PENDING_10K_USGAAP_SCREEN,Retain firm-year only when fiscal year-end falls within an S&P 500 membership interval,Exclude 20-F/40-F/foreign-private-issuer years; retain acquired/delisted firms through last eligible public firm-year
0001688568,DXC Technology,DXC,information_technology,2017-04-04,2023-10-03,1,PENDING_10K_USGAAP_SCREEN,Retain firm-year only when fiscal year-end falls within an S&P 500 membership interval,Exclude 20-F/40-F/foreign-private-issuer years; retain acquired/delisted firms through last eligible public firm-year
0000915389,Eastman Chemical Company,EMN,materials,1994-01-01,2025-11-04,1,PENDING_10K_USGAAP_SCREEN,Retain firm-year only when fiscal year-end falls within an S&P 500 membership interval,Exclude 20-F/40-F/foreign-private-issuer years; retain acquired/delisted firms through last eligible public firm-year
0000031235,Eastman Kodak,EK,consumer_discretionary,2007-03-05,2010-12-17,1,PENDING_10K_USGAAP_SCREEN,Retain firm-year only when fiscal year-end falls within an S&P 500 membership interval,Exclude 20-F/40-F/foreign-private-issuer years; retain acquired/delisted firms through last eligible public firm-year
0001551182,Eaton Corporation,ETN,industrials,1957-03-04,,1,PENDING_10K_USGAAP_SCREEN,Retain firm-year only when fiscal year-end falls within an S&P 500 membership interval,Exclude 20-F/40-F/foreign-private-issuer years; retain acquired/delisted firms through last eligible public firm-year
0001065088,eBay Inc.,EBAY,consumer_discretionary,2002-07-22,,1,PENDING_10K_USGAAP_SCREEN,Retain firm-year only when fiscal year-end falls within an S&P 500 membership interval,Exclude 20-F/40-F/foreign-private-issuer years; retain acquired/delisted firms through last eligible public firm-year
0000031462,Ecolab,ECL,materials,1989-01-31,,1,PENDING_10K_USGAAP_SCREEN,Retain firm-year only when fiscal year-end falls within an S&P 500 membership interval,Exclude 20-F/40-F/foreign-private-issuer years; retain acquired/delisted firms through last eligible public firm-year
0001099800,Edwards Lifesciences,EW,health_care,2011-04-01,,1,PENDING_10K_USGAAP_SCREEN,Retain firm-year only when fiscal year-end falls within an S&P 500 membership interval,Exclude 20-F/40-F/foreign-private-issuer years; retain acquired/delisted firms through last eligible public firm-year
0001066107,El Paso Corp.,EP,energy,2007-03-05,2012-05-17,1,PENDING_10K_USGAAP_SCREEN,Retain firm-year only when fiscal year-end falls within an S&P 500 membership interval,Exclude 20-F/40-F/foreign-private-issuer years; retain acquired/delisted firms through last eligible public firm-year
0000712515,Electronic Arts,EA|ERTS,communication_services|information_technology,2002-07-22,2026-08-05,2,PENDING_10K_USGAAP_SCREEN,Retain firm-year only when fiscal year-end falls within an S&P 500 membership interval,Exclude 20-F/40-F/foreign-private-issuer years; retain acquired/delisted firms through last eligible public firm-year
0000790070,EMC Corp.,EMC,information_technology,2007-03-05,2016-09-08,1,PENDING_10K_USGAAP_SCREEN,Retain firm-year only when fiscal year-end falls within an S&P 500 membership interval,Exclude 20-F/40-F/foreign-private-issuer years; retain acquired/delisted firms through last eligible public firm-year
0000105634,Emcor,EME,industrials,2025-09-22,,1,PENDING_10K_USGAAP_SCREEN,Retain firm-year only when fiscal year-end falls within an S&P 500 membership interval,Exclude 20-F/40-F/foreign-private-issuer years; retain acquired/delisted firms through last eligible public firm-year
0000032604,Emerson Electric,EMR,industrials,1965-03-31,,1,PENDING_10K_USGAAP_SCREEN,Retain firm-year only when fiscal year-end falls within an S&P 500 membership interval,Exclude 20-F/40-F/foreign-private-issuer years; retain acquired/delisted firms through last eligible public firm-year
0001100962,Endo International,ENDP,health_care,2015-01-27,2017-03-02,1,PENDING_10K_USGAAP_SCREEN,Retain firm-year only when fiscal year-end falls within an S&P 500 membership interval,Exclude 20-F/40-F/foreign-private-issuer years; retain acquired/delisted firms through last eligible public firm-year
0001463101,Enphase Energy,ENPH,information_technology,2021-01-07,2025-09-22,1,PENDING_10K_USGAAP_SCREEN,Retain firm-year only when fiscal year-end falls within an S&P 500 membership interval,Exclude 20-F/40-F/foreign-private-issuer years; retain acquired/delisted firms through last eligible public firm-year
0000314808,Ensco plc,ESV,energy,2012-07-31,2016-03-30,1,PENDING_10K_USGAAP_SCREEN,Retain firm-year only when fiscal year-end falls within an S&P 500 membership interval,Exclude 20-F/40-F/foreign-private-issuer years; retain acquired/delisted firms through last eligible public firm-year
0000895930,Envision Healthcare,EVHC,health_care,2016-12-02,2018-10-11,1,PENDING_10K_USGAAP_SCREEN,Retain firm-year only when fiscal year-end falls within an S&P 500 membership interval,Exclude 20-F/40-F/foreign-private-issuer years; retain acquired/delisted firms through last eligible public firm-year
0000821189,EOG Resources,EOG,energy,2000-11-02,,1,PENDING_10K_USGAAP_SCREEN,Retain firm-year only when fiscal year-end falls within an S&P 500 membership interval,Exclude 20-F/40-F/foreign-private-issuer years; retain acquired/delisted firms through last eligible public firm-year
0001352010,EPAM Systems,EPAM,information_technology,2021-12-14,2026-06-02,1,PENDING_10K_USGAAP_SCREEN,Retain firm-year only when fiscal year-end falls within an S&P 500 membership interval,Exclude 20-F/40-F/foreign-private-issuer years; retain acquired/delisted firms through last eligible public firm-year
0000033213,EQT Corporation,EQT,energy,2008-12-19,,2,PENDING_10K_USGAAP_SCREEN,Retain firm-year only when fiscal year-end falls within an S&P 500 membership interval,Exclude 20-F/40-F/foreign-private-issuer years; retain acquired/delisted firms through last eligible public firm-year
0000033185,Equifax,EFX,industrials,1997-06-19,,1,PENDING_10K_USGAAP_SCREEN,Retain firm-year only when fiscal year-end falls within an S&P 500 membership interval,Exclude 20-F/40-F/foreign-private-issuer years; retain acquired/delisted firms through last eligible public firm-year
0001001250,Estée Lauder Companies (The),EL,consumer_staples,2006-01-05,,1,PENDING_10K_USGAAP_SCREEN,Retain firm-year only when fiscal year-end falls within an S&P 500 membership interval,Exclude 20-F/40-F/foreign-private-issuer years; retain acquired/delisted firms through last eligible public firm-year
0001370637,Etsy,ETSY,consumer_discretionary,2020-09-21,2024-09-23,1,PENDING_10K_USGAAP_SCREEN,Retain firm-year only when fiscal year-end falls within an S&P 500 membership interval,Exclude 20-F/40-F/foreign-private-issuer years; retain acquired/delisted firms through last eligible public firm-year
0000895126,Expand Energy,CHK|EXE,energy,2007-03-05,,2,PENDING_10K_USGAAP_SCREEN,Retain firm-year only when fiscal year-end falls within an S&P 500 membership interval,Exclude 20-F/40-F/foreign-private-issuer years; retain acquired/delisted firms through last eligible public firm-year
0001324424,Expedia Group,EXPE,consumer_discretionary,2007-10-02,,1,PENDING_10K_USGAAP_SCREEN,Retain firm-year only when fiscal year-end falls within an S&P 500 membership interval,Exclude 20-F/40-F/foreign-private-issuer years; retain acquired/delisted firms through last eligible public firm-year
0000746515,Expeditors International,EXPD,industrials,2007-10-10,,1,PENDING_10K_USGAAP_SCREEN,Retain firm-year only when fiscal year-end falls within an S&P 500 membership interval,Exclude 20-F/40-F/foreign-private-issuer years; retain acquired/delisted firms through last eligible public firm-year
0001532063,Express Scripts,ESRX,health_care,2003-09-25,2018-12-24,1,PENDING_10K_USGAAP_SCREEN,Retain firm-year only when fiscal year-end falls within an S&P 500 membership interval,Exclude 20-F/40-F/foreign-private-issuer years; retain acquired/delisted firms through last eligible public firm-year
0002115436,ExxonMobil,XOM,energy,1957-03-04,,1,PENDING_10K_USGAAP_SCREEN,Retain firm-year only when fiscal year-end falls within an S&P 500 membership interval,Exclude 20-F/40-F/foreign-private-issuer years; retain acquired/delisted firms through last eligible public firm-year
0001048695,"F5, Inc.",FFIV,information_technology,2010-12-20,,1,PENDING_10K_USGAAP_SCREEN,Retain firm-year only when fiscal year-end falls within an S&P 500 membership interval,Exclude 20-F/40-F/foreign-private-issuer years; retain acquired/delisted firms through last eligible public firm-year
0000814547,Fair Isaac,FICO,information_technology,2023-03-20,,1,PENDING_10K_USGAAP_SCREEN,Retain firm-year only when fiscal year-end falls within an S&P 500 membership interval,Exclude 20-F/40-F/foreign-private-issuer years; retain acquired/delisted firms through last eligible public firm-year
0000034408,Family Dollar Stores,FDO,consumer_discretionary,2007-03-05,2015-07-08,1,PENDING_10K_USGAAP_SCREEN,Retain firm-year only when fiscal year-end falls within an S&P 500 membership interval,Exclude 20-F/40-F/foreign-private-issuer years; retain acquired/delisted firms through last eligible public firm-year
0000815556,Fastenal,FAST,industrials,2008-09-15,,1,PENDING_10K_USGAAP_SCREEN,Retain firm-year only when fiscal year-end falls within an S&P 500 membership interval,Exclude 20-F/40-F/foreign-private-issuer years; retain acquired/delisted firms through last eligible public firm-year
0001048911,FedEx,FDX,industrials,1980-12-31,,1,PENDING_10K_USGAAP_SCREEN,Retain firm-year only when fiscal year-end falls within an S&P 500 membership interval,Exclude 20-F/40-F/foreign-private-issuer years; retain acquired/delisted firms through last eligible public firm-year
0001274494,First Solar,FSLR,information_technology,2009-10-16,,2,PENDING_10K_USGAAP_SCREEN,Retain firm-year only when fiscal year-end falls within an S&P 500 membership interval,Exclude 20-F/40-F/foreign-private-issuer years; retain acquired/delisted firms through last eligible public firm-year
0000354908,FLIR Systems,FLIR,information_technology,2009-01-02,2021-05-14,1,PENDING_10K_USGAAP_SCREEN,Retain firm-year only when fiscal year-end falls within an S&P 500 membership interval,Exclude 20-F/40-F/foreign-private-issuer years; retain acquired/delisted firms through last eligible public firm-year
0000030625,Flowserve Corporation,FLS,industrials,2008-10-02,2021-03-22,1,PENDING_10K_USGAAP_SCREEN,Retain firm-year only when fiscal year-end falls within an S&P 500 membership interval,Exclude 20-F/40-F/foreign-private-issuer years; retain acquired/delisted firms through last eligible public firm-year
0001124198,Fluor Corp.,FLR,industrials,1980-03-31,2019-06-03,1,PENDING_10K_USGAAP_SCREEN,Retain firm-year only when fiscal year-end falls within an S&P 500 membership interval,Exclude 20-F/40-F/foreign-private-issuer years; retain acquired/delisted firms through last eligible public firm-year
0000037785,FMC Corporation,FMC,materials,2009-08-19,2025-03-24,1,PENDING_10K_USGAAP_SCREEN,Retain firm-year only when fiscal year-end falls within an S&P 500 membership interval,Exclude 20-F/40-F/foreign-private-issuer years; retain acquired/delisted firms through last eligible public firm-year
0000850209,Foot Locker Inc,FL,consumer_discretionary,2016-04-04,2019-08-09,1,PENDING_10K_USGAAP_SCREEN,Retain firm-year only when fiscal year-end falls within an S&P 500 membership interval,Exclude 20-F/40-F/foreign-private-issuer years; retain acquired/delisted firms through last eligible public firm-year
0000037996,Ford Motor Company,F,consumer_discretionary,1957-03-04,,1,PENDING_10K_USGAAP_SCREEN,Retain firm-year only when fiscal year-end falls within an S&P 500 membership interval,Exclude 20-F/40-F/foreign-private-issuer years; retain acquired/delisted firms through last eligible public firm-year
0000038074,Forest Laboratories,FRX,health_care,2007-03-05,2014-07-01,1,PENDING_10K_USGAAP_SCREEN,Retain firm-year only when fiscal year-end falls within an S&P 500 membership interval,Exclude 20-F/40-F/foreign-private-issuer years; retain acquired/delisted firms through last eligible public firm-year
0001262039,Fortinet,FTNT,information_technology,2018-10-11,,1,PENDING_10K_USGAAP_SCREEN,Retain firm-year only when fiscal year-end falls within an S&P 500 membership interval,Exclude 20-F/40-F/foreign-private-issuer years; retain acquired/delisted firms through last eligible public firm-year
0001659166,Fortive,FTV,industrials,2016-07-01,,1,PENDING_10K_USGAAP_SCREEN,Retain firm-year only when fiscal year-end falls within an S&P 500 membership interval,Exclude 20-F/40-F/foreign-private-issuer years; retain acquired/delisted firms through last eligible public firm-year
0001519751,Fortune Brands Home & Security,FBHS,industrials,2016-06-22,2022-12-19,1,PENDING_10K_USGAAP_SCREEN,Retain firm-year only when fiscal year-end falls within an S&P 500 membership interval,Exclude 20-F/40-F/foreign-private-issuer years; retain acquired/delisted firms through last eligible public firm-year
0000883569,"Fossil, Inc.",FOSL,consumer_discretionary,2012-04-04,2016-01-05,1,PENDING_10K_USGAAP_SCREEN,Retain firm-year only when fiscal year-end falls within an S&P 500 membership interval,Exclude 20-F/40-F/foreign-private-issuer years; retain acquired/delisted firms through last eligible public firm-year
0001754301,Fox Corporation (Class A),FOX|FOXA,communication_services,2019-03-19,,2,PENDING_10K_USGAAP_SCREEN,Retain firm-year only when fiscal year-end falls within an S&P 500 membership interval,Exclude 20-F/40-F/foreign-private-issuer years; retain acquired/delisted firms through last eligible public firm-year
0000831259,Freeport-McMoRan,FCX,materials,2011-07-01,,1,PENDING_10K_USGAAP_SCREEN,Retain firm-year only when fiscal year-end falls within an S&P 500 membership interval,Exclude 20-F/40-F/foreign-private-issuer years; retain acquired/delisted firms through last eligible public firm-year
0000020520,Frontier Communications,FTR,communication_services,2008-08-21,2017-03-20,1,PENDING_10K_USGAAP_SCREEN,Retain firm-year only when fiscal year-end falls within an S&P 500 membership interval,Exclude 20-F/40-F/foreign-private-issuer years; retain acquired/delisted firms through last eligible public firm-year
0001326380,GameStop Corp.,GME,consumer_discretionary,2007-12-14,2016-04-25,1,PENDING_10K_USGAAP_SCREEN,Retain firm-year only when fiscal year-end falls within an S&P 500 membership interval,Exclude 20-F/40-F/foreign-private-issuer years; retain acquired/delisted firms through last eligible public firm-year
0000039911,Gap,GPS,consumer_discretionary,1986-08-31,2022-02-03,1,PENDING_10K_USGAAP_SCREEN,Retain firm-year only when fiscal year-end falls within an S&P 500 membership interval,Exclude 20-F/40-F/foreign-private-issuer years; retain acquired/delisted firms through last eligible public firm-year
0001121788,Garmin,GRMN,consumer_discretionary,2012-12-12,,1,PENDING_10K_USGAAP_SCREEN,Retain firm-year only when fiscal year-end falls within an S&P 500 membership interval,Exclude 20-F/40-F/foreign-private-issuer years; retain acquired/delisted firms through last eligible public firm-year
0000749251,Gartner,IT,information_technology,2017-04-05,,1,PENDING_10K_USGAAP_SCREEN,Retain firm-year only when fiscal year-end falls within an S&P 500 membership interval,Exclude 20-F/40-F/foreign-private-issuer years; retain acquired/delisted firms through last eligible public firm-year
0000040545,GE Aerospace,GE,industrials,1957-03-04,,1,PENDING_10K_USGAAP_SCREEN,Retain firm-year only when fiscal year-end falls within an S&P 500 membership interval,Exclude 20-F/40-F/foreign-private-issuer years; retain acquired/delisted firms through last eligible public firm-year
0001932393,GE HealthCare,GEHC,health_care,2023-01-04,,1,PENDING_10K_USGAAP_SCREEN,Retain firm-year only when fiscal year-end falls within an S&P 500 membership interval,Exclude 20-F/40-F/foreign-private-issuer years; retain acquired/delisted firms through last eligible public firm-year
0001996810,GE Vernova,GEV,industrials,2024-04-02,,1,PENDING_10K_USGAAP_SCREEN,Retain firm-year only when fiscal year-end falls within an S&P 500 membership interval,Exclude 20-F/40-F/foreign-private-issuer years; retain acquired/delisted firms through last eligible public firm-year
0001474735,Generac,GNRC,industrials,2021-03-22,,1,PENDING_10K_USGAAP_SCREEN,Retain firm-year only when fiscal year-end falls within an S&P 500 membership interval,Exclude 20-F/40-F/foreign-private-issuer years; retain acquired/delisted firms through last eligible public firm-year
0000040533,General Dynamics,GD,industrials,1957-03-04,,1,PENDING_10K_USGAAP_SCREEN,Retain firm-year only when fiscal year-end falls within an S&P 500 membership interval,Exclude 20-F/40-F/foreign-private-issuer years; retain acquired/delisted firms through last eligible public firm-year
0000040704,General Mills,GIS,consumer_staples,1957-03-04,,1,PENDING_10K_USGAAP_SCREEN,Retain firm-year only when fiscal year-end falls within an S&P 500 membership interval,Exclude 20-F/40-F/foreign-private-issuer years; retain acquired/delisted firms through last eligible public firm-year
0001467858,General Motors,GM,consumer_discretionary,2013-06-06,,1,PENDING_10K_USGAAP_SCREEN,Retain firm-year only when fiscal year-end falls within an S&P 500 membership interval,Exclude 20-F/40-F/foreign-private-issuer years; retain acquired/delisted firms through last eligible public firm-year
0000040987,Genuine Parts Company,GPC,consumer_discretionary,1973-12-31,,1,PENDING_10K_USGAAP_SCREEN,Retain firm-year only when fiscal year-end falls within an S&P 500 membership interval,Exclude 20-F/40-F/foreign-private-issuer years; retain acquired/delisted firms through last eligible public firm-year
0000732485,Genzyme Corp.,GENZ,health_care,2007-03-05,2011-04-01,1,PENDING_10K_USGAAP_SCREEN,Retain firm-year only when fiscal year-end falls within an S&P 500 membership interval,Exclude 20-F/40-F/foreign-private-issuer years; retain acquired/delisted firms through last eligible public firm-year
0000882095,Gilead Sciences,GILD,health_care,2004-07-01,,1,PENDING_10K_USGAAP_SCREEN,Retain firm-year only when fiscal year-end falls within an S&P 500 membership interval,Exclude 20-F/40-F/foreign-private-issuer years; retain acquired/delisted firms through last eligible public firm-year
0001609711,GoDaddy,GDDY,information_technology,2024-06-24,,1,PENDING_10K_USGAAP_SCREEN,Retain firm-year only when fiscal year-end falls within an S&P 500 membership interval,Exclude 20-F/40-F/foreign-private-issuer years; retain acquired/delisted firms through last eligible public firm-year
0000042542,Goodrich Corporation,GR,industrials,2007-03-05,2012-07-31,1,PENDING_10K_USGAAP_SCREEN,Retain firm-year only when fiscal year-end falls within an S&P 500 membership interval,Exclude 20-F/40-F/foreign-private-issuer years; retain acquired/delisted firms through last eligible public firm-year
0000042582,Goodyear Tire & Rubber,GT,consumer_discretionary,2007-03-05,2019-02-27,1,PENDING_10K_USGAAP_SCREEN,Retain firm-year only when fiscal year-end falls within an S&P 500 membership interval,Exclude 20-F/40-F/foreign-private-issuer years; retain acquired/delisted firms through last eligible public firm-year
0000104889,Graham Holdings Company,WPO|GHC,consumer_discretionary,2008-01-22,2014-09-20,2,PENDING_10K_USGAAP_SCREEN,Retain firm-year only when fiscal year-end falls within an S&P 500 membership interval,Exclude 20-F/40-F/foreign-private-issuer years; retain acquired/delisted firms through last eligible public firm-year
0000012659,H&R Block,HRB,consumer_discretionary,1986-11-30,2020-09-21,1,PENDING_10K_USGAAP_SCREEN,Retain firm-year only when fiscal year-end falls within an S&P 500 membership interval,Exclude 20-F/40-F/foreign-private-issuer years; retain acquired/delisted firms through last eligible public firm-year
0000045012,Halliburton,HAL,energy,1957-03-04,,1,PENDING_10K_USGAAP_SCREEN,Retain firm-year only when fiscal year-end falls within an S&P 500 membership interval,Exclude 20-F/40-F/foreign-private-issuer years; retain acquired/delisted firms through last eligible public firm-year
0001359841,Hanesbrands,HBI,consumer_discretionary,2015-03-20,2021-12-20,1,PENDING_10K_USGAAP_SCREEN,Retain firm-year only when fiscal year-end falls within an S&P 500 membership interval,Exclude 20-F/40-F/foreign-private-issuer years; retain acquired/delisted firms through last eligible public firm-year
0000793952,Harley-Davidson,HOG,consumer_discretionary,2007-03-05,2020-06-22,1,PENDING_10K_USGAAP_SCREEN,Retain firm-year only when fiscal year-end falls within an S&P 500 membership interval,Exclude 20-F/40-F/foreign-private-issuer years; retain acquired/delisted firms through last eligible public firm-year
0000800459,Harman Int'l Industries,HAR,consumer_discretionary,2007-03-05,2017-03-16,1,PENDING_10K_USGAAP_SCREEN,Retain firm-year only when fiscal year-end falls within an S&P 500 membership interval,Exclude 20-F/40-F/foreign-private-issuer years; retain acquired/delisted firms through last eligible public firm-year
0000046080,Hasbro,HAS,consumer_discretionary,1984-09-30,,1,PENDING_10K_USGAAP_SCREEN,Retain firm-year only when fiscal year-end falls within an S&P 500 membership interval,Exclude 20-F/40-F/foreign-private-issuer years; retain acquired/delisted firms through last eligible public firm-year
0000860730,HCA Healthcare,HCA,health_care,2015-01-27,,1,PENDING_10K_USGAAP_SCREEN,Retain firm-year only when fiscal year-end falls within an S&P 500 membership interval,Exclude 20-F/40-F/foreign-private-issuer years; retain acquired/delisted firms through last eligible public firm-year
0000046640,Heinz (H.J.),HNZ,consumer_staples,2007-03-05,2013-06-06,1,PENDING_10K_USGAAP_SCREEN,Retain firm-year only when fiscal year-end falls within an S&P 500 membership interval,Exclude 20-F/40-F/foreign-private-issuer years; retain acquired/delisted firms through last eligible public firm-year
0000046765,Helmerich & Payne,HP,energy,2010-03-01,2020-05-22,1,PENDING_10K_USGAAP_SCREEN,Retain firm-year only when fiscal year-end falls within an S&P 500 membership interval,Exclude 20-F/40-F/foreign-private-issuer years; retain acquired/delisted firms through last eligible public firm-year
0001000228,Henry Schein,HSIC,health_care,2015-03-17,,1,PENDING_10K_USGAAP_SCREEN,Retain firm-year only when fiscal year-end falls within an S&P 500 membership interval,Exclude 20-F/40-F/foreign-private-issuer years; retain acquired/delisted firms through last eligible public firm-year
0000047111,Hershey Company (The),HSY,consumer_staples,1957-03-04,,1,PENDING_10K_USGAAP_SCREEN,Retain firm-year only when fiscal year-end falls within an S&P 500 membership interval,Exclude 20-F/40-F/foreign-private-issuer years; retain acquired/delisted firms through last eligible public firm-year
0000004447,Hess Corporation,HES,energy,1984-05-31,2025-07-23,1,PENDING_10K_USGAAP_SCREEN,Retain firm-year only when fiscal year-end falls within an S&P 500 membership interval,Exclude 20-F/40-F/foreign-private-issuer years; retain acquired/delisted firms through last eligible public firm-year
0001645590,Hewlett Packard Enterprise,HPE,information_technology,2015-11-02,,1,PENDING_10K_USGAAP_SCREEN,Retain firm-year only when fiscal year-end falls within an S&P 500 membership interval,Exclude 20-F/40-F/foreign-private-issuer years; retain acquired/delisted firms through last eligible public firm-year
0001585689,Hilton Worldwide,HLT,consumer_discretionary,2017-06-19,,1,PENDING_10K_USGAAP_SCREEN,Retain firm-year only when fiscal year-end falls within an S&P 500 membership interval,Exclude 20-F/40-F/foreign-private-issuer years; retain acquired/delisted firms through last eligible public firm-year
0000048039,HollyFrontier Corp,HFC,energy,2018-06-18,2021-06-04,1,PENDING_10K_USGAAP_SCREEN,Retain firm-year only when fiscal year-end falls within an S&P 500 membership interval,Exclude 20-F/40-F/foreign-private-issuer years; retain acquired/delisted firms through last eligible public firm-year
0000859737,Hologic,HOLX,health_care,2016-03-30,2026-04-09,1,PENDING_10K_USGAAP_SCREEN,Retain firm-year only when fiscal year-end falls within an S&P 500 membership interval,Exclude 20-F/40-F/foreign-private-issuer years; retain acquired/delisted firms through last eligible public firm-year
0000354950,Home Depot (The),HD,consumer_discretionary,1988-03-31,,1,PENDING_10K_USGAAP_SCREEN,Retain firm-year only when fiscal year-end falls within an S&P 500 membership interval,Exclude 20-F/40-F/foreign-private-issuer years; retain acquired/delisted firms through last eligible public firm-year
0000773840,Honeywell Technologies,HON,industrials,1957-03-04,,1,PENDING_10K_USGAAP_SCREEN,Retain firm-year only when fiscal year-end falls within an S&P 500 membership interval,Exclude 20-F/40-F/foreign-private-issuer years; retain acquired/delisted firms through last eligible public firm-year
0000048465,Hormel Foods,HRL,consumer_staples,2009-03-04,,1,PENDING_10K_USGAAP_SCREEN,Retain firm-year only when fiscal year-end falls within an S&P 500 membership interval,Exclude 20-F/40-F/foreign-private-issuer years; retain acquired/delisted firms through last eligible public firm-year
0001274057,Hospira Inc.,HSP,health_care,2007-03-05,2015-09-02,1,PENDING_10K_USGAAP_SCREEN,Retain firm-year only when fiscal year-end falls within an S&P 500 membership interval,Exclude 20-F/40-F/foreign-private-issuer years; retain acquired/delisted firms through last eligible public firm-year
0000004281,Howmet Aerospace,AA|ARNC|HWM,materials|industrials,1964-03-31,,3,PENDING_10K_USGAAP_SCREEN,Retain firm-year only when fiscal year-end falls within an S&P 500 membership interval,Exclude 20-F/40-F/foreign-private-issuer years; retain acquired/delisted firms through last eligible public firm-year
0000047217,HP Inc.,HPQ,information_technology,1974-12-31,,1,PENDING_10K_USGAAP_SCREEN,Retain firm-year only when fiscal year-end falls within an S&P 500 membership interval,Exclude 20-F/40-F/foreign-private-issuer years; retain acquired/delisted firms through last eligible public firm-year
0000048898,Hubbell Incorporated,HUBB,industrials,2023-10-18,,1,PENDING_10K_USGAAP_SCREEN,Retain firm-year only when fiscal year-end falls within an S&P 500 membership interval,Exclude 20-F/40-F/foreign-private-issuer years; retain acquired/delisted firms through last eligible public firm-year
0000049071,Humana,HUM,health_care,2012-12-10,,1,PENDING_10K_USGAAP_SCREEN,Retain firm-year only when fiscal year-end falls within an S&P 500 membership interval,Exclude 20-F/40-F/foreign-private-issuer years; retain acquired/delisted firms through last eligible public firm-year
0001501585,Huntington Ingalls Industries,HII,industrials,2018-01-03,,1,PENDING_10K_USGAAP_SCREEN,Retain firm-year only when fiscal year-end falls within an S&P 500 membership interval,Exclude 20-F/40-F/foreign-private-issuer years; retain acquired/delisted firms through last eligible public firm-year
0000051143,IBM,IBM,information_technology,1957-03-04,,1,PENDING_10K_USGAAP_SCREEN,Retain firm-year only when fiscal year-end falls within an S&P 500 membership interval,Exclude 20-F/40-F/foreign-private-issuer years; retain acquired/delisted firms through last eligible public firm-year
0000832101,IDEX Corporation,IEX,industrials,2019-08-09,,1,PENDING_10K_USGAAP_SCREEN,Retain firm-year only when fiscal year-end falls within an S&P 500 membership interval,Exclude 20-F/40-F/foreign-private-issuer years; retain acquired/delisted firms through last eligible public firm-year
0000874716,Idexx Laboratories,IDXX,health_care,2017-01-05,,1,PENDING_10K_USGAAP_SCREEN,Retain firm-year only when fiscal year-end falls within an S&P 500 membership interval,Exclude 20-F/40-F/foreign-private-issuer years; retain acquired/delisted firms through last eligible public firm-year
0001598014,IHS Markit,INFO,industrials,2017-06-02,2022-03-02,1,PENDING_10K_USGAAP_SCREEN,Retain firm-year only when fiscal year-end falls within an S&P 500 membership interval,Exclude 20-F/40-F/foreign-private-issuer years; retain acquired/delisted firms through last eligible public firm-year
0000049826,Illinois Tool Works,ITW,industrials,1986-02-28,,1,PENDING_10K_USGAAP_SCREEN,Retain firm-year only when fiscal year-end falls within an S&P 500 membership interval,Exclude 20-F/40-F/foreign-private-issuer years; retain acquired/delisted firms through last eligible public firm-year
0001110803,Illumina,ILMN,health_care,2015-11-19,2024-06-24,1,PENDING_10K_USGAAP_SCREEN,Retain firm-year only when fiscal year-end falls within an S&P 500 membership interval,Exclude 20-F/40-F/foreign-private-issuer years; retain acquired/delisted firms through last eligible public firm-year
0001058083,IMS Health Inc.,RX,health_care,2007-03-05,2010-02-26,1,PENDING_10K_USGAAP_SCREEN,Retain firm-year only when fiscal year-end falls within an S&P 500 membership interval,Exclude 20-F/40-F/foreign-private-issuer years; retain acquired/delisted firms through last eligible public firm-year
0000879169,Incyte,INCY,health_care,2017-02-28,,1,PENDING_10K_USGAAP_SCREEN,Retain firm-year only when fiscal year-end falls within an S&P 500 membership interval,Exclude 20-F/40-F/foreign-private-issuer years; retain acquired/delisted firms through last eligible public firm-year
0001699150,Ingersoll Rand,IR,industrials,2020-03-03,,1,PENDING_10K_USGAAP_SCREEN,Retain firm-year only when fiscal year-end falls within an S&P 500 membership interval,Exclude 20-F/40-F/foreign-private-issuer years; retain acquired/delisted firms through last eligible public firm-year
0001145197,Insulet Corporation,PODD,health_care,2023-03-15,,1,PENDING_10K_USGAAP_SCREEN,Retain firm-year only when fiscal year-end falls within an S&P 500 membership interval,Exclude 20-F/40-F/foreign-private-issuer years; retain acquired/delisted firms through last eligible public firm-year
0000050863,Intel,INTC,information_technology,1976-12-31,,1,PENDING_10K_USGAAP_SCREEN,Retain firm-year only when fiscal year-end falls within an S&P 500 membership interval,Exclude 20-F/40-F/foreign-private-issuer years; retain acquired/delisted firms through last eligible public firm-year
0000051253,International Flavors & Fragrances,IFF,materials,1976-03-31,,1,PENDING_10K_USGAAP_SCREEN,Retain firm-year only when fiscal year-end falls within an S&P 500 membership interval,Exclude 20-F/40-F/foreign-private-issuer years; retain acquired/delisted firms through last eligible public firm-year
0000353944,International Game Technology,IGT,consumer_discretionary,2007-03-05,2014-06-20,1,PENDING_10K_USGAAP_SCREEN,Retain firm-year only when fiscal year-end falls within an S&P 500 membership interval,Exclude 20-F/40-F/foreign-private-issuer years; retain acquired/delisted firms through last eligible public firm-year
0000051434,International Paper,IP,materials,1957-03-04,,1,PENDING_10K_USGAAP_SCREEN,Retain firm-year only when fiscal year-end falls within an S&P 500 membership interval,Exclude 20-F/40-F/foreign-private-issuer years; retain acquired/delisted firms through last eligible public firm-year
0000051644,Interpublic Group of Companies (The),IPG,communication_services,1992-10-01,2025-11-28,1,PENDING_10K_USGAAP_SCREEN,Retain firm-year only when fiscal year-end falls within an S&P 500 membership interval,Exclude 20-F/40-F/foreign-private-issuer years; retain acquired/delisted firms through last eligible public firm-year
0000896878,Intuit,INTU,information_technology,2000-12-05,,1,PENDING_10K_USGAAP_SCREEN,Retain firm-year only when fiscal year-end falls within an S&P 500 membership interval,Exclude 20-F/40-F/foreign-private-issuer years; retain acquired/delisted firms through last eligible public firm-year
0001035267,Intuitive Surgical,ISRG,health_care,2008-06-02,,1,PENDING_10K_USGAAP_SCREEN,Retain firm-year only when fiscal year-end falls within an S&P 500 membership interval,Exclude 20-F/40-F/foreign-private-issuer years; retain acquired/delisted firms through last eligible public firm-year
0001111928,IPG Photonics,IPGP,information_technology,2018-03-07,2022-06-21,1,PENDING_10K_USGAAP_SCREEN,Retain firm-year only when fiscal year-end falls within an S&P 500 membership interval,Exclude 20-F/40-F/foreign-private-issuer years; retain acquired/delisted firms through last eligible public firm-year
0001478242,IQVIA Holdings Inc.,IQV|Q,health_care,2017-08-29,,2,PENDING_10K_USGAAP_SCREEN,Retain firm-year only when fiscal year-end falls within an S&P 500 membership interval,Exclude 20-F/40-F/foreign-private-issuer years; retain acquired/delisted firms through last eligible public firm-year
0000216228,ITT Corporation,ITT,industrials,2007-03-05,2011-10-31,1,PENDING_10K_USGAAP_SCREEN,Retain firm-year only when fiscal year-end falls within an S&P 500 membership interval,Exclude 20-F/40-F/foreign-private-issuer years; retain acquired/delisted firms through last eligible public firm-year
0000728535,J.B. Hunt,JBHT,industrials,2015-07-01,,1,PENDING_10K_USGAAP_SCREEN,Retain firm-year only when fiscal year-end falls within an S&P 500 membership interval,Exclude 20-F/40-F/foreign-private-issuer years; retain acquired/delisted firms through last eligible public firm-year
0000091419,J.M. Smucker Company (The),SJM,consumer_staples,2008-11-06,,1,PENDING_10K_USGAAP_SCREEN,Retain firm-year only when fiscal year-end falls within an S&P 500 membership interval,Exclude 20-F/40-F/foreign-private-issuer years; retain acquired/delisted firms through last eligible public firm-year
0000898293,Jabil,JBL,information_technology,2007-03-05,,2,PENDING_10K_USGAAP_SCREEN,Retain firm-year only when fiscal year-end falls within an S&P 500 membership interval,Exclude 20-F/40-F/foreign-private-issuer years; retain acquired/delisted firms through last eligible public firm-year
0000052988,Jacobs Engineering Group,J|JEC,industrials,2007-10-26,,2,PENDING_10K_USGAAP_SCREEN,Retain firm-year only when fiscal year-end falls within an S&P 500 membership interval,Exclude 20-F/40-F/foreign-private-issuer years; retain acquired/delisted firms through last eligible public firm-year
0000912093,JDS Uniphase Corp.,JDSU,information_technology,2007-03-05,2013-12-23,1,PENDING_10K_USGAAP_SCREEN,Retain firm-year only when fiscal year-end falls within an S&P 500 membership interval,Exclude 20-F/40-F/foreign-private-issuer years; retain acquired/delisted firms through last eligible public firm-year
0000200406,Johnson & Johnson,JNJ,health_care,1973-06-30,,1,PENDING_10K_USGAAP_SCREEN,Retain firm-year only when fiscal year-end falls within an S&P 500 membership interval,Exclude 20-F/40-F/foreign-private-issuer years; retain acquired/delisted firms through last eligible public firm-year
0000801898,Joy Global Inc.,JOY|JOYG,industrials,2011-02-28,2015-10-07,2,PENDING_10K_USGAAP_SCREEN,Retain firm-year only when fiscal year-end falls within an S&P 500 membership interval,Exclude 20-F/40-F/foreign-private-issuer years; retain acquired/delisted firms through last eligible public firm-year
0001043604,Juniper Networks,JNPR,information_technology,2006-06-02,2025-07-09,1,PENDING_10K_USGAAP_SCREEN,Retain firm-year only when fiscal year-end falls within an S&P 500 membership interval,Exclude 20-F/40-F/foreign-private-issuer years; retain acquired/delisted firms through last eligible public firm-year
0000054480,Kansas City Southern,KSU,industrials,2013-05-24,2021-12-14,1,PENDING_10K_USGAAP_SCREEN,Retain firm-year only when fiscal year-end falls within an S&P 500 membership interval,Exclude 20-F/40-F/foreign-private-issuer years; retain acquired/delisted firms through last eligible public firm-year
0000055067,Kellanova,K,consumer_staples,1989-09-11,2025-12-11,1,PENDING_10K_USGAAP_SCREEN,Retain firm-year only when fiscal year-end falls within an S&P 500 membership interval,Exclude 20-F/40-F/foreign-private-issuer years; retain acquired/delisted firms through last eligible public firm-year
0001944048,Kenvue,KVUE,consumer_staples,2023-08-25,,1,PENDING_10K_USGAAP_SCREEN,Retain firm-year only when fiscal year-end falls within an S&P 500 membership interval,Exclude 20-F/40-F/foreign-private-issuer years; retain acquired/delisted firms through last eligible public firm-year
0001418135,Keurig Dr Pepper,DPS|KDP,consumer_staples,2008-10-07,,2,PENDING_10K_USGAAP_SCREEN,Retain firm-year only when fiscal year-end falls within an S&P 500 membership interval,Exclude 20-F/40-F/foreign-private-issuer years; retain acquired/delisted firms through last eligible public firm-year
0000909954,Keurig Green Mountain,GMCR,consumer_staples,2014-03-24,2016-03-07,1,PENDING_10K_USGAAP_SCREEN,Retain firm-year only when fiscal year-end falls within an S&P 500 membership interval,Exclude 20-F/40-F/foreign-private-issuer years; retain acquired/delisted firms through last eligible public firm-year
0001601046,Keysight Technologies,KEYS,information_technology,2018-11-06,,1,PENDING_10K_USGAAP_SCREEN,Retain firm-year only when fiscal year-end falls within an S&P 500 membership interval,Exclude 20-F/40-F/foreign-private-issuer years; retain acquired/delisted firms through last eligible public firm-year
0000055785,Kimberly-Clark,KMB,consumer_staples,1957-03-04,,1,PENDING_10K_USGAAP_SCREEN,Retain firm-year only when fiscal year-end falls within an S&P 500 membership interval,Exclude 20-F/40-F/foreign-private-issuer years; retain acquired/delisted firms through last eligible public firm-year
0001506307,Kinder Morgan,KMI,energy,2012-05-25,,1,PENDING_10K_USGAAP_SCREEN,Retain firm-year only when fiscal year-end falls within an S&P 500 membership interval,Exclude 20-F/40-F/foreign-private-issuer years; retain acquired/delisted firms through last eligible public firm-year
0001047699,King Pharmaceuticals,KG,health_care,2007-03-05,2010-12-17,1,PENDING_10K_USGAAP_SCREEN,Retain firm-year only when fiscal year-end falls within an S&P 500 membership interval,Exclude 20-F/40-F/foreign-private-issuer years; retain acquired/delisted firms through last eligible public firm-year
0000319201,KLA Corporation,KLAC,information_technology,1997-09-30,,1,PENDING_10K_USGAAP_SCREEN,Retain firm-year only when fiscal year-end falls within an S&P 500 membership interval,Exclude 20-F/40-F/foreign-private-issuer years; retain acquired/delisted firms through last eligible public firm-year
0000885639,Kohl's Corp.,KSS,consumer_discretionary,2007-03-05,2020-09-21,1,PENDING_10K_USGAAP_SCREEN,Retain firm-year only when fiscal year-end falls within an S&P 500 membership interval,Exclude 20-F/40-F/foreign-private-issuer years; retain acquired/delisted firms through last eligible public firm-year
0001545158,Kraft Foods Group,KRFT,consumer_staples,2012-10-02,2015-07-06,1,PENDING_10K_USGAAP_SCREEN,Retain firm-year only when fiscal year-end falls within an S&P 500 membership interval,Exclude 20-F/40-F/foreign-private-issuer years; retain acquired/delisted firms through last eligible public firm-year
0001637459,Kraft Heinz,KHC,consumer_staples,2015-07-06,,1,PENDING_10K_USGAAP_SCREEN,Retain firm-year only when fiscal year-end falls within an S&P 500 membership interval,Exclude 20-F/40-F/foreign-private-issuer years; retain acquired/delisted firms through last eligible public firm-year
0000056873,Kroger,KR,consumer_staples,1957-03-04,,1,PENDING_10K_USGAAP_SCREEN,Retain firm-year only when fiscal year-end falls within an S&P 500 membership interval,Exclude 20-F/40-F/foreign-private-issuer years; retain acquired/delisted firms through last eligible public firm-year
0000701985,L Brands Inc.,BBWI|LB|LTD,consumer_discretionary,1983-09-30,2024-10-01,3,PENDING_10K_USGAAP_SCREEN,Retain firm-year only when fiscal year-end falls within an S&P 500 membership interval,Exclude 20-F/40-F/foreign-private-issuer years; retain acquired/delisted firms through last eligible public firm-year
0001039101,L-3 Communications Holdings,LLL,industrials,2007-03-05,2019-07-01,1,PENDING_10K_USGAAP_SCREEN,Retain firm-year only when fiscal year-end falls within an S&P 500 membership interval,Exclude 20-F/40-F/foreign-private-issuer years; retain acquired/delisted firms through last eligible public firm-year
0000202058,L3Harris,HRS|LHX,industrials,2008-09-22,,2,PENDING_10K_USGAAP_SCREEN,Retain firm-year only when fiscal year-end falls within an S&P 500 membership interval,Exclude 20-F/40-F/foreign-private-issuer years; retain acquired/delisted firms through last eligible public firm-year
0000920148,Labcorp,LH,health_care,2004-11-01,,1,PENDING_10K_USGAAP_SCREEN,Retain firm-year only when fiscal year-end falls within an S&P 500 membership interval,Exclude 20-F/40-F/foreign-private-issuer years; retain acquired/delisted firms through last eligible public firm-year
0000707549,Lam Research,LRCX,information_technology,2012-06-29,,1,PENDING_10K_USGAAP_SCREEN,Retain firm-year only when fiscal year-end falls within an S&P 500 membership interval,Exclude 20-F/40-F/foreign-private-issuer years; retain acquired/delisted firms through last eligible public firm-year
0001679273,Lamb Weston,LW,consumer_staples,2018-12-03,2026-03-23,1,PENDING_10K_USGAAP_SCREEN,Retain firm-year only when fiscal year-end falls within an S&P 500 membership interval,Exclude 20-F/40-F/foreign-private-issuer years; retain acquired/delisted firms through last eligible public firm-year
0001300514,Las Vegas Sands,LVS,consumer_discretionary,2019-10-03,,1,PENDING_10K_USGAAP_SCREEN,Retain firm-year only when fiscal year-end falls within an S&P 500 membership interval,Exclude 20-F/40-F/foreign-private-issuer years; retain acquired/delisted firms through last eligible public firm-year
0000058492,Leggett & Platt,LEG,consumer_discretionary,1999-10-14,2021-12-20,1,PENDING_10K_USGAAP_SCREEN,Retain firm-year only when fiscal year-end falls within an S&P 500 membership interval,Exclude 20-F/40-F/foreign-private-issuer years; retain acquired/delisted firms through last eligible public firm-year
0001336920,Leidos,SAI|SAIC|LDOS,industrials,2010-01-22,,3,PENDING_10K_USGAAP_SCREEN,Retain firm-year only when fiscal year-end falls within an S&P 500 membership interval,Exclude 20-F/40-F/foreign-private-issuer years; retain acquired/delisted firms through last eligible public firm-year
0000920760,Lennar,LEN,consumer_discretionary,2005-10-04,,1,PENDING_10K_USGAAP_SCREEN,Retain firm-year only when fiscal year-end falls within an S&P 500 membership interval,Exclude 20-F/40-F/foreign-private-issuer years; retain acquired/delisted firms through last eligible public firm-year
0001069202,Lennox International,LII,industrials,2024-12-23,,1,PENDING_10K_USGAAP_SCREEN,Retain firm-year only when fiscal year-end falls within an S&P 500 membership interval,Exclude 20-F/40-F/foreign-private-issuer years; retain acquired/delisted firms through last eligible public firm-year
0000794323,Level 3 Communications,LVLT,communication_services,2014-11-05,2017-10-13,1,PENDING_10K_USGAAP_SCREEN,Retain firm-year only when fiscal year-end falls within an S&P 500 membership interval,Exclude 20-F/40-F/foreign-private-issuer years; retain acquired/delisted firms through last eligible public firm-year
0001001288,Lexmark Int'l Inc,LXK,information_technology,2007-03-05,2012-10-01,1,PENDING_10K_USGAAP_SCREEN,Retain firm-year only when fiscal year-end falls within an S&P 500 membership interval,Exclude 20-F/40-F/foreign-private-issuer years; retain acquired/delisted firms through last eligible public firm-year
0001073431,Life Technologies,LIFE,health_care,2009-03-07,2014-01-24,1,PENDING_10K_USGAAP_SCREEN,Retain firm-year only when fiscal year-end falls within an S&P 500 membership interval,Exclude 20-F/40-F/foreign-private-issuer years; retain acquired/delisted firms through last eligible public firm-year
0000059478,Lilly (Eli),LLY,health_care,1970-12-31,,1,PENDING_10K_USGAAP_SCREEN,Retain firm-year only when fiscal year-end falls within an S&P 500 membership interval,Exclude 20-F/40-F/foreign-private-issuer years; retain acquired/delisted firms through last eligible public firm-year
0001707925,Linde plc,LIN,materials,1992-07-01,,1,PENDING_10K_USGAAP_SCREEN,Retain firm-year only when fiscal year-end falls within an S&P 500 membership interval,Exclude 20-F/40-F/foreign-private-issuer years; retain acquired/delisted firms through last eligible public firm-year
0000791907,Linear Technology Corp.,LLTC,information_technology,2007-03-05,2017-03-13,1,PENDING_10K_USGAAP_SCREEN,Retain firm-year only when fiscal year-end falls within an S&P 500 membership interval,Exclude 20-F/40-F/foreign-private-issuer years; retain acquired/delisted firms through last eligible public firm-year
0001335258,Live Nation Entertainment,LYV,communication_services,2019-12-23,,1,PENDING_10K_USGAAP_SCREEN,Retain firm-year only when fiscal year-end falls within an S&P 500 membership interval,Exclude 20-F/40-F/foreign-private-issuer years; retain acquired/delisted firms through last eligible public firm-year
0001065696,LKQ Corporation,LKQ,consumer_discretionary,2016-05-23,2025-12-22,1,PENDING_10K_USGAAP_SCREEN,Retain firm-year only when fiscal year-end falls within an S&P 500 membership interval,Exclude 20-F/40-F/foreign-private-issuer years; retain acquired/delisted firms through last eligible public firm-year
0000936468,Lockheed Martin,LMT,industrials,1957-03-04,,1,PENDING_10K_USGAAP_SCREEN,Retain firm-year only when fiscal year-end falls within an S&P 500 membership interval,Exclude 20-F/40-F/foreign-private-issuer years; retain acquired/delisted firms through last eligible public firm-year
0001424847,Lorillard Inc.,LO,consumer_staples,2008-06-11,2015-06-11,1,PENDING_10K_USGAAP_SCREEN,Retain firm-year only when fiscal year-end falls within an S&P 500 membership interval,Exclude 20-F/40-F/foreign-private-issuer years; retain acquired/delisted firms through last eligible public firm-year
0000060667,Lowe's,LOW,consumer_discretionary,1984-02-29,,1,PENDING_10K_USGAAP_SCREEN,Retain firm-year only when fiscal year-end falls within an S&P 500 membership interval,Exclude 20-F/40-F/foreign-private-issuer years; retain acquired/delisted firms through last eligible public firm-year
0000703360,LSI Corporation,LSI,information_technology,2007-03-05,2014-05-08,1,PENDING_10K_USGAAP_SCREEN,Retain firm-year only when fiscal year-end falls within an S&P 500 membership interval,Exclude 20-F/40-F/foreign-private-issuer years; retain acquired/delisted firms through last eligible public firm-year
0001397187,Lululemon Athletica,LULU,consumer_discretionary,2023-10-18,,1,PENDING_10K_USGAAP_SCREEN,Retain firm-year only when fiscal year-end falls within an S&P 500 membership interval,Exclude 20-F/40-F/foreign-private-issuer years; retain acquired/delisted firms through last eligible public firm-year
0000018926,Lumen Technologies,CTL|LUMN,communication_services,1999-03-25,2023-03-20,2,PENDING_10K_USGAAP_SCREEN,Retain firm-year only when fiscal year-end falls within an S&P 500 membership interval,Exclude 20-F/40-F/foreign-private-issuer years; retain acquired/delisted firms through last eligible public firm-year
0001489393,LyondellBasell,LYB,materials,2012-09-05,,1,PENDING_10K_USGAAP_SCREEN,Retain firm-year only when fiscal year-end falls within an S&P 500 membership interval,Exclude 20-F/40-F/foreign-private-issuer years; retain acquired/delisted firms through last eligible public firm-year
0000794367,Macy's Inc.,M,consumer_discretionary,2007-07-24,2020-04-06,1,PENDING_10K_USGAAP_SCREEN,Retain firm-year only when fiscal year-end falls within an S&P 500 membership interval,Exclude 20-F/40-F/foreign-private-issuer years; retain acquired/delisted firms through last eligible public firm-year
0001567892,Mallinckrodt Plc,MNK,health_care,2014-08-19,2017-07-26,1,PENDING_10K_USGAAP_SCREEN,Retain firm-year only when fiscal year-end falls within an S&P 500 membership interval,Exclude 20-F/40-F/foreign-private-issuer years; retain acquired/delisted firms through last eligible public firm-year
0000101778,Marathon Oil,MRO,energy,1957-03-04,2024-11-26,1,PENDING_10K_USGAAP_SCREEN,Retain firm-year only when fiscal year-end falls within an S&P 500 membership interval,Exclude 20-F/40-F/foreign-private-issuer years; retain acquired/delisted firms through last eligible public firm-year
0001510295,Marathon Petroleum,MPC,energy,2011-07-01,,1,PENDING_10K_USGAAP_SCREEN,Retain firm-year only when fiscal year-end falls within an S&P 500 membership interval,Exclude 20-F/40-F/foreign-private-issuer years; retain acquired/delisted firms through last eligible public firm-year
0001048286,Marriott International,MAR,consumer_discretionary,1998-05-29,,1,PENDING_10K_USGAAP_SCREEN,Retain firm-year only when fiscal year-end falls within an S&P 500 membership interval,Exclude 20-F/40-F/foreign-private-issuer years; retain acquired/delisted firms through last eligible public firm-year
0000916076,Martin Marietta Materials,MLM,materials,2014-07-02,,1,PENDING_10K_USGAAP_SCREEN,Retain firm-year only when fiscal year-end falls within an S&P 500 membership interval,Exclude 20-F/40-F/foreign-private-issuer years; retain acquired/delisted firms through last eligible public firm-year
0000062996,Masco,MAS,industrials,1981-06-30,,1,PENDING_10K_USGAAP_SCREEN,Retain firm-year only when fiscal year-end falls within an S&P 500 membership interval,Exclude 20-F/40-F/foreign-private-issuer years; retain acquired/delisted firms through last eligible public firm-year
0000037748,Massey Energy Company,MEE,energy,2008-08-21,2011-06-01,1,PENDING_10K_USGAAP_SCREEN,Retain firm-year only when fiscal year-end falls within an S&P 500 membership interval,Exclude 20-F/40-F/foreign-private-issuer years; retain acquired/delisted firms through last eligible public firm-year
0000891103,Match Group,MTCH,communication_services,2021-09-20,2026-03-23,1,PENDING_10K_USGAAP_SCREEN,Retain firm-year only when fiscal year-end falls within an S&P 500 membership interval,Exclude 20-F/40-F/foreign-private-issuer years; retain acquired/delisted firms through last eligible public firm-year
0000063276,Mattel Inc.,MAT,consumer_discretionary,1982-03-31,2019-06-07,1,PENDING_10K_USGAAP_SCREEN,Retain firm-year only when fiscal year-end falls within an S&P 500 membership interval,Exclude 20-F/40-F/foreign-private-issuer years; retain acquired/delisted firms through last eligible public firm-year
0000743316,Maxim Integrated,MXIM,information_technology,2018-12-03,2021-08-30,1,PENDING_10K_USGAAP_SCREEN,Retain firm-year only when fiscal year-end falls within an S&P 500 membership interval,Exclude 20-F/40-F/foreign-private-issuer years; retain acquired/delisted firms through last eligible public firm-year
0000890801,McAfee,MFE,information_technology,2008-12-30,2011-02-28,1,PENDING_10K_USGAAP_SCREEN,Retain firm-year only when fiscal year-end falls within an S&P 500 membership interval,Exclude 20-F/40-F/foreign-private-issuer years; retain acquired/delisted firms through last eligible public firm-year
0000063754,McCormick & Company,MKC,consumer_staples,2003-03-20,,1,PENDING_10K_USGAAP_SCREEN,Retain firm-year only when fiscal year-end falls within an S&P 500 membership interval,Exclude 20-F/40-F/foreign-private-issuer years; retain acquired/delisted firms through last eligible public firm-year
0000063908,McDonald's,MCD,consumer_discretionary,1970-06-30,,1,PENDING_10K_USGAAP_SCREEN,Retain firm-year only when fiscal year-end falls within an S&P 500 membership interval,Exclude 20-F/40-F/foreign-private-issuer years; retain acquired/delisted firms through last eligible public firm-year
0000927653,McKesson Corporation,MCK,health_care,1999-01-13,,1,PENDING_10K_USGAAP_SCREEN,Retain firm-year only when fiscal year-end falls within an S&P 500 membership interval,Exclude 20-F/40-F/foreign-private-issuer years; retain acquired/delisted firms through last eligible public firm-year
0001452575,Mead Johnson,MJN,consumer_staples,2009-12-21,2017-06-19,1,PENDING_10K_USGAAP_SCREEN,Retain firm-year only when fiscal year-end falls within an S&P 500 membership interval,Exclude 20-F/40-F/foreign-private-issuer years; retain acquired/delisted firms through last eligible public firm-year
0001159297,MeadWestvaco Corporation,MWV,materials,2007-03-05,2015-07-21,1,PENDING_10K_USGAAP_SCREEN,Retain firm-year only when fiscal year-end falls within an S&P 500 membership interval,Exclude 20-F/40-F/foreign-private-issuer years; retain acquired/delisted firms through last eligible public firm-year
0001170650,Medco Health Solutions Inc.,MHS,health_care,2007-03-05,2012-04-03,1,PENDING_10K_USGAAP_SCREEN,Retain firm-year only when fiscal year-end falls within an S&P 500 membership interval,Exclude 20-F/40-F/foreign-private-issuer years; retain acquired/delisted firms through last eligible public firm-year
0001613103,Medtronic,MDT,health_care,1986-10-31,,1,PENDING_10K_USGAAP_SCREEN,Retain firm-year only when fiscal year-end falls within an S&P 500 membership interval,Exclude 20-F/40-F/foreign-private-issuer years; retain acquired/delisted firms through last eligible public firm-year
0000945436,MEMC Electronic Materials,WFR,information_technology,2008-01-22,2011-12-16,1,PENDING_10K_USGAAP_SCREEN,Retain firm-year only when fiscal year-end falls within an S&P 500 membership interval,Exclude 20-F/40-F/foreign-private-issuer years; retain acquired/delisted firms through last eligible public firm-year
0000065011,Meredith Corp.,MDP,consumer_discretionary,2007-03-05,2011-01-03,1,PENDING_10K_USGAAP_SCREEN,Retain firm-year only when fiscal year-end falls within an S&P 500 membership interval,Exclude 20-F/40-F/foreign-private-issuer years; retain acquired/delisted firms through last eligible public firm-year
0001326801,Meta Platforms,FB|META,communication_services,2013-12-23,,2,PENDING_10K_USGAAP_SCREEN,Retain firm-year only when fiscal year-end falls within an S&P 500 membership interval,Exclude 20-F/40-F/foreign-private-issuer years; retain acquired/delisted firms through last eligible public firm-year
0001037646,Mettler Toledo,MTD,health_care,2016-09-06,,1,PENDING_10K_USGAAP_SCREEN,Retain firm-year only when fiscal year-end falls within an S&P 500 membership interval,Exclude 20-F/40-F/foreign-private-issuer years; retain acquired/delisted firms through last eligible public firm-year
0000789570,MGM Resorts,MGM,consumer_discretionary,2017-07-26,,1,PENDING_10K_USGAAP_SCREEN,Retain firm-year only when fiscal year-end falls within an S&P 500 membership interval,Exclude 20-F/40-F/foreign-private-issuer years; retain acquired/delisted firms through last eligible public firm-year
0001530721,Michael Kors Holdings,CPRI|KORS,consumer_discretionary,2013-11-13,2020-05-12,2,PENDING_10K_USGAAP_SCREEN,Retain firm-year only when fiscal year-end falls within an S&P 500 membership interval,Exclude 20-F/40-F/foreign-private-issuer years; retain acquired/delisted firms through last eligible public firm-year
0000827054,Microchip Technology,MCHP,information_technology,2007-09-07,,1,PENDING_10K_USGAAP_SCREEN,Retain firm-year only when fiscal year-end falls within an S&P 500 membership interval,Exclude 20-F/40-F/foreign-private-issuer years; retain acquired/delisted firms through last eligible public firm-year
0000723125,Micron Technology,MU,information_technology,1994-09-27,,1,PENDING_10K_USGAAP_SCREEN,Retain firm-year only when fiscal year-end falls within an S&P 500 membership interval,Exclude 20-F/40-F/foreign-private-issuer years; retain acquired/delisted firms through last eligible public firm-year
0000789019,Microsoft,MSFT,information_technology,1994-06-01,,1,PENDING_10K_USGAAP_SCREEN,Retain firm-year only when fiscal year-end falls within an S&P 500 membership interval,Exclude 20-F/40-F/foreign-private-issuer years; retain acquired/delisted firms through last eligible public firm-year
0000066479,Millipore Corp.,MIL,health_care,2007-03-05,2010-07-14,1,PENDING_10K_USGAAP_SCREEN,Retain firm-year only when fiscal year-end falls within an S&P 500 membership interval,Exclude 20-F/40-F/foreign-private-issuer years; retain acquired/delisted firms through last eligible public firm-year
0001682852,Moderna,MRNA,health_care,2021-07-21,,1,PENDING_10K_USGAAP_SCREEN,Retain firm-year only when fiscal year-end falls within an S&P 500 membership interval,Exclude 20-F/40-F/foreign-private-issuer years; retain acquired/delisted firms through last eligible public firm-year
0000851968,Mohawk Industries,MHK,consumer_discretionary,2013-12-23,2025-12-22,1,PENDING_10K_USGAAP_SCREEN,Retain firm-year only when fiscal year-end falls within an S&P 500 membership interval,Exclude 20-F/40-F/foreign-private-issuer years; retain acquired/delisted firms through last eligible public firm-year
0000067472,Molex Inc.,MOLX,information_technology,2007-03-05,2013-12-10,1,PENDING_10K_USGAAP_SCREEN,Retain firm-year only when fiscal year-end falls within an S&P 500 membership interval,Exclude 20-F/40-F/foreign-private-issuer years; retain acquired/delisted firms through last eligible public firm-year
0001179929,Molina Healthcare,MOH,health_care,2022-03-02,2026-03-23,1,PENDING_10K_USGAAP_SCREEN,Retain firm-year only when fiscal year-end falls within an S&P 500 membership interval,Exclude 20-F/40-F/foreign-private-issuer years; retain acquired/delisted firms through last eligible public firm-year
0000024545,Molson Coors Beverage Company,TAP,consumer_staples,1976-06-30,2026-09-20,1,PENDING_10K_USGAAP_SCREEN,Retain firm-year only when fiscal year-end falls within an S&P 500 membership interval,Exclude 20-F/40-F/foreign-private-issuer years; retain acquired/delisted firms through last eligible public firm-year
0001103982,Mondelez International,KFT|MDLZ,consumer_staples,2008-01-22,,2,PENDING_10K_USGAAP_SCREEN,Retain firm-year only when fiscal year-end falls within an S&P 500 membership interval,Exclude 20-F/40-F/foreign-private-issuer years; retain acquired/delisted firms through last eligible public firm-year
0001280452,Monolithic Power Systems,MPWR,information_technology,2021-02-12,,1,PENDING_10K_USGAAP_SCREEN,Retain firm-year only when fiscal year-end falls within an S&P 500 membership interval,Exclude 20-F/40-F/foreign-private-issuer years; retain acquired/delisted firms through last eligible public firm-year
0001110783,Monsanto Co.,MON,materials,2002-08-07,2018-06-07,1,PENDING_10K_USGAAP_SCREEN,Retain firm-year only when fiscal year-end falls within an S&P 500 membership interval,Exclude 20-F/40-F/foreign-private-issuer years; retain acquired/delisted firms through last eligible public firm-year
0000865752,Monster Beverage,MNST,consumer_staples,2012-06-28,,1,PENDING_10K_USGAAP_SCREEN,Retain firm-year only when fiscal year-end falls within an S&P 500 membership interval,Exclude 20-F/40-F/foreign-private-issuer years; retain acquired/delisted firms through last eligible public firm-year
0001020416,Monster Worldwide,MWW,industrials,2009-01-02,2011-12-16,1,PENDING_10K_USGAAP_SCREEN,Retain firm-year only when fiscal year-end falls within an S&P 500 membership interval,Exclude 20-F/40-F/foreign-private-issuer years; retain acquired/delisted firms through last eligible public firm-year
0001285785,Mosaic Company (The),MOS,materials,2011-09-26,,1,PENDING_10K_USGAAP_SCREEN,Retain firm-year only when fiscal year-end falls within an S&P 500 membership interval,Exclude 20-F/40-F/foreign-private-issuer years; retain acquired/delisted firms through last eligible public firm-year
0000068505,Motorola Inc.,MSI|MOT,information_technology,1957-03-04,,2,PENDING_10K_USGAAP_SCREEN,Retain firm-year only when fiscal year-end falls within an S&P 500 membership interval,Exclude 20-F/40-F/foreign-private-issuer years; retain acquired/delisted firms through last eligible public firm-year
0001495569,Motorola Mobility Holdings Inc.,MMI,information_technology,2011-03-09,2012-05-21,1,PENDING_10K_USGAAP_SCREEN,Retain firm-year only when fiscal year-end falls within an S&P 500 membership interval,Exclude 20-F/40-F/foreign-private-issuer years; retain acquired/delisted firms through last eligible public firm-year
0000717423,Murphy Oil,MUR,energy,2007-03-05,2017-07-26,1,PENDING_10K_USGAAP_SCREEN,Retain firm-year only when fiscal year-end falls within an S&P 500 membership interval,Exclude 20-F/40-F/foreign-private-issuer years; retain acquired/delisted firms through last eligible public firm-year
0001623613,Mylan N.V.,MYL,health_care,2004-04-23,2020-11-18,1,PENDING_10K_USGAAP_SCREEN,Retain firm-year only when fiscal year-end falls within an S&P 500 membership interval,Exclude 20-F/40-F/foreign-private-issuer years; retain acquired/delisted firms through last eligible public firm-year
0001163739,Nabors Industries Ltd.,NBR,energy,2007-03-05,2015-03-23,1,PENDING_10K_USGAAP_SCREEN,Retain firm-year only when fiscal year-end falls within an S&P 500 membership interval,Exclude 20-F/40-F/foreign-private-issuer years; retain acquired/delisted firms through last eligible public firm-year
0000070530,National Semiconductor,NSM,information_technology,2007-03-05,2011-09-23,1,PENDING_10K_USGAAP_SCREEN,Retain firm-year only when fiscal year-end falls within an S&P 500 membership interval,Exclude 20-F/40-F/foreign-private-issuer years; retain acquired/delisted firms through last eligible public firm-year
0000906709,Nektar Therapeutics,NKTR,health_care,2018-03-19,2019-10-03,1,PENDING_10K_USGAAP_SCREEN,Retain firm-year only when fiscal year-end falls within an S&P 500 membership interval,Exclude 20-F/40-F/foreign-private-issuer years; retain acquired/delisted firms through last eligible public firm-year
0001002047,NetApp,NTAP,information_technology,1999-06-25,,1,PENDING_10K_USGAAP_SCREEN,Retain firm-year only when fiscal year-end falls within an S&P 500 membership interval,Exclude 20-F/40-F/foreign-private-issuer years; retain acquired/delisted firms through last eligible public firm-year
0001065280,Netflix,NFLX,communication_services,2010-12-20,,1,PENDING_10K_USGAAP_SCREEN,Retain firm-year only when fiscal year-end falls within an S&P 500 membership interval,Exclude 20-F/40-F/foreign-private-issuer years; retain acquired/delisted firms through last eligible public firm-year
0000071691,New York Times Cl. A,NYT,consumer_discretionary,2007-03-05,2010-12-17,1,PENDING_10K_USGAAP_SCREEN,Retain firm-year only when fiscal year-end falls within an S&P 500 membership interval,Exclude 20-F/40-F/foreign-private-issuer years; retain acquired/delisted firms through last eligible public firm-year
0000814453,Newell Brands,NWL,consumer_discretionary,1989-04-30,2023-09-18,1,PENDING_10K_USGAAP_SCREEN,Retain firm-year only when fiscal year-end falls within an S&P 500 membership interval,Exclude 20-F/40-F/foreign-private-issuer years; retain acquired/delisted firms through last eligible public firm-year
0000912750,Newfield Exploration Co,NFX,energy,2010-12-20,2019-02-15,1,PENDING_10K_USGAAP_SCREEN,Retain firm-year only when fiscal year-end falls within an S&P 500 membership interval,Exclude 20-F/40-F/foreign-private-issuer years; retain acquired/delisted firms through last eligible public firm-year
0001164727,Newmont,NEM,materials,1969-06-30,,1,PENDING_10K_USGAAP_SCREEN,Retain firm-year only when fiscal year-end falls within an S&P 500 membership interval,Exclude 20-F/40-F/foreign-private-issuer years; retain acquired/delisted firms through last eligible public firm-year
0001564708,News Corp (Class B),NWSA|NWS,communication_services,2013-08-01,,2,PENDING_10K_USGAAP_SCREEN,Retain firm-year only when fiscal year-end falls within an S&P 500 membership interval,Exclude 20-F/40-F/foreign-private-issuer years; retain acquired/delisted firms through last eligible public firm-year
0001492633,Nielsen Holdings,NLSN,industrials,2013-07-09,2022-10-12,1,PENDING_10K_USGAAP_SCREEN,Retain firm-year only when fiscal year-end falls within an S&P 500 membership interval,Exclude 20-F/40-F/foreign-private-issuer years; retain acquired/delisted firms through last eligible public firm-year
0000320187,"Nike, Inc.",NKE,consumer_discretionary,1988-11-30,,1,PENDING_10K_USGAAP_SCREEN,Retain firm-year only when fiscal year-end falls within an S&P 500 membership interval,Exclude 20-F/40-F/foreign-private-issuer years; retain acquired/delisted firms through last eligible public firm-year
0001458891,Noble Corp,NE,energy,2011-01-18,2015-07-20,1,PENDING_10K_USGAAP_SCREEN,Retain firm-year only when fiscal year-end falls within an S&P 500 membership interval,Exclude 20-F/40-F/foreign-private-issuer years; retain acquired/delisted firms through last eligible public firm-year
0000072207,Noble Energy,NBL,energy,2007-10-08,2020-10-12,1,PENDING_10K_USGAAP_SCREEN,Retain firm-year only when fiscal year-end falls within an S&P 500 membership interval,Exclude 20-F/40-F/foreign-private-issuer years; retain acquired/delisted firms through last eligible public firm-year
0000072331,Nordson Corporation,NDSN,industrials,2022-02-15,,1,PENDING_10K_USGAAP_SCREEN,Retain firm-year only when fiscal year-end falls within an S&P 500 membership interval,Exclude 20-F/40-F/foreign-private-issuer years; retain acquired/delisted firms through last eligible public firm-year
0000072333,Nordstrom,JWN,consumer_discretionary,1986-08-31,2020-06-22,1,PENDING_10K_USGAAP_SCREEN,Retain firm-year only when fiscal year-end falls within an S&P 500 membership interval,Exclude 20-F/40-F/foreign-private-issuer years; retain acquired/delisted firms through last eligible public firm-year
0000702165,Norfolk Southern,NSC,industrials,1957-03-04,,1,PENDING_10K_USGAAP_SCREEN,Retain firm-year only when fiscal year-end falls within an S&P 500 membership interval,Exclude 20-F/40-F/foreign-private-issuer years; retain acquired/delisted firms through last eligible public firm-year
0001133421,Northrop Grumman,NOC,industrials,1957-03-04,,1,PENDING_10K_USGAAP_SCREEN,Retain firm-year only when fiscal year-end falls within an S&P 500 membership interval,Exclude 20-F/40-F/foreign-private-issuer years; retain acquired/delisted firms through last eligible public firm-year
0001513761,Norwegian Cruise Line Holdings,NCLH,consumer_discretionary,2017-10-13,,1,PENDING_10K_USGAAP_SCREEN,Retain firm-year only when fiscal year-end falls within an S&P 500 membership interval,Exclude 20-F/40-F/foreign-private-issuer years; retain acquired/delisted firms through last eligible public firm-year
0001021860,Nov,NOV,energy,2005-03-14,2021-09-20,1,PENDING_10K_USGAAP_SCREEN,Retain firm-year only when fiscal year-end falls within an S&P 500 membership interval,Exclude 20-F/40-F/foreign-private-issuer years; retain acquired/delisted firms through last eligible public firm-year
0000758004,Novell Inc.,NOVL,information_technology,2007-03-05,2011-04-27,1,PENDING_10K_USGAAP_SCREEN,Retain firm-year only when fiscal year-end falls within an S&P 500 membership interval,Exclude 20-F/40-F/foreign-private-issuer years; retain acquired/delisted firms through last eligible public firm-year
0000836106,Novellus Systems,NVLS,information_technology,2007-03-05,2012-06-05,1,PENDING_10K_USGAAP_SCREEN,Retain firm-year only when fiscal year-end falls within an S&P 500 membership interval,Exclude 20-F/40-F/foreign-private-issuer years; retain acquired/delisted firms through last eligible public firm-year
0000073309,Nucor,NUE,materials,1985-04-30,,1,PENDING_10K_USGAAP_SCREEN,Retain firm-year only when fiscal year-end falls within an S&P 500 membership interval,Exclude 20-F/40-F/foreign-private-issuer years; retain acquired/delisted firms through last eligible public firm-year
0001045810,Nvidia,NVDA,information_technology,2001-11-30,,1,PENDING_10K_USGAAP_SCREEN,Retain firm-year only when fiscal year-end falls within an S&P 500 membership interval,Exclude 20-F/40-F/foreign-private-issuer years; retain acquired/delisted firms through last eligible public firm-year
0000906163,"NVR, Inc.",NVR,consumer_discretionary,2019-09-26,,1,PENDING_10K_USGAAP_SCREEN,Retain firm-year only when fiscal year-end falls within an S&P 500 membership interval,Exclude 20-F/40-F/foreign-private-issuer years; retain acquired/delisted firms through last eligible public firm-year
0001413447,NXP Semiconductors,NXPI,information_technology,2021-03-22,,1,PENDING_10K_USGAAP_SCREEN,Retain firm-year only when fiscal year-end falls within an S&P 500 membership interval,Exclude 20-F/40-F/foreign-private-issuer years; retain acquired/delisted firms through last eligible public firm-year
0000898173,O'Reilly Automotive,ORLY,consumer_discretionary,2009-03-27,,1,PENDING_10K_USGAAP_SCREEN,Retain firm-year only when fiscal year-end falls within an S&P 500 membership interval,Exclude 20-F/40-F/foreign-private-issuer years; retain acquired/delisted firms through last eligible public firm-year
0000797468,Occidental Petroleum,OXY,energy,1957-03-04,,1,PENDING_10K_USGAAP_SCREEN,Retain firm-year only when fiscal year-end falls within an S&P 500 membership interval,Exclude 20-F/40-F/foreign-private-issuer years; retain acquired/delisted firms through last eligible public firm-year
0000800240,Office Depot,ODP,consumer_discretionary,2007-03-05,2010-12-17,1,PENDING_10K_USGAAP_SCREEN,Retain firm-year only when fiscal year-end falls within an S&P 500 membership interval,Exclude 20-F/40-F/foreign-private-issuer years; retain acquired/delisted firms through last eligible public firm-year
0000878927,Old Dominion,ODFL,industrials,2019-12-09,,1,PENDING_10K_USGAAP_SCREEN,Retain firm-year only when fiscal year-end falls within an S&P 500 membership interval,Exclude 20-F/40-F/foreign-private-issuer years; retain acquired/delisted firms through last eligible public firm-year
0000029989,Omnicom Group,OMC,communication_services,1997-12-31,,1,PENDING_10K_USGAAP_SCREEN,Retain firm-year only when fiscal year-end falls within an S&P 500 membership interval,Exclude 20-F/40-F/foreign-private-issuer years; retain acquired/delisted firms through last eligible public firm-year
0001097864,ON Semiconductor,ON,information_technology,2022-06-21,,1,PENDING_10K_USGAAP_SCREEN,Retain firm-year only when fiscal year-end falls within an S&P 500 membership interval,Exclude 20-F/40-F/foreign-private-issuer years; retain acquired/delisted firms through last eligible public firm-year
0001039684,Oneok,OKE,energy,2010-03-15,,1,PENDING_10K_USGAAP_SCREEN,Retain firm-year only when fiscal year-end falls within an S&P 500 membership interval,Exclude 20-F/40-F/foreign-private-issuer years; retain acquired/delisted firms through last eligible public firm-year
0001341439,Oracle Corporation,ORCL,information_technology,1989-08-31,,1,PENDING_10K_USGAAP_SCREEN,Retain firm-year only when fiscal year-end falls within an S&P 500 membership interval,Exclude 20-F/40-F/foreign-private-issuer years; retain acquired/delisted firms through last eligible public firm-year
0001821825,Organon & Co.,OGN,health_care,2021-06-03,2023-10-18,1,PENDING_10K_USGAAP_SCREEN,Retain firm-year only when fiscal year-end falls within an S&P 500 membership interval,Exclude 20-F/40-F/foreign-private-issuer years; retain acquired/delisted firms through last eligible public firm-year
0001781335,Otis Worldwide,OTIS,industrials,2020-04-03,,1,PENDING_10K_USGAAP_SCREEN,Retain firm-year only when fiscal year-end falls within an S&P 500 membership interval,Exclude 20-F/40-F/foreign-private-issuer years; retain acquired/delisted firms through last eligible public firm-year
0000812074,Owens-Illinois Inc,OI,materials,2009-01-02,2016-12-02,1,PENDING_10K_USGAAP_SCREEN,Retain firm-year only when fiscal year-end falls within an S&P 500 membership interval,Exclude 20-F/40-F/foreign-private-issuer years; retain acquired/delisted firms through last eligible public firm-year
0000075362,Paccar,PCAR,industrials,1980-12-31,,1,PENDING_10K_USGAAP_SCREEN,Retain firm-year only when fiscal year-end falls within an S&P 500 membership interval,Exclude 20-F/40-F/foreign-private-issuer years; retain acquired/delisted firms through last eligible public firm-year
0000075677,Packaging Corporation of America,PKG,materials,2017-07-26,,1,PENDING_10K_USGAAP_SCREEN,Retain firm-year only when fiscal year-end falls within an S&P 500 membership interval,Exclude 20-F/40-F/foreign-private-issuer years; retain acquired/delisted firms through last eligible public firm-year
0001089976,Pactiv Corp.,PTV,materials,2007-03-05,2010-11-17,1,PENDING_10K_USGAAP_SCREEN,Retain firm-year only when fiscal year-end falls within an S&P 500 membership interval,Exclude 20-F/40-F/foreign-private-issuer years; retain acquired/delisted firms through last eligible public firm-year
0001321655,Palantir Technologies,PLTR,information_technology,2024-09-23,,1,PENDING_10K_USGAAP_SCREEN,Retain firm-year only when fiscal year-end falls within an S&P 500 membership interval,Exclude 20-F/40-F/foreign-private-issuer years; retain acquired/delisted firms through last eligible public firm-year
0000075829,Pall Corp.,PLL,industrials,1987-12-31,2015-08-28,1,PENDING_10K_USGAAP_SCREEN,Retain firm-year only when fiscal year-end falls within an S&P 500 membership interval,Exclude 20-F/40-F/foreign-private-issuer years; retain acquired/delisted firms through last eligible public firm-year
0001327567,Palo Alto Networks,PANW,information_technology,2023-06-20,,1,PENDING_10K_USGAAP_SCREEN,Retain firm-year only when fiscal year-end falls within an S&P 500 membership interval,Exclude 20-F/40-F/foreign-private-issuer years; retain acquired/delisted firms through last eligible public firm-year
0002041610,Paramount Skydance Corporation,PSKY,communication_services,1994-09-30,,1,PENDING_10K_USGAAP_SCREEN,Retain firm-year only when fiscal year-end falls within an S&P 500 membership interval,Exclude 20-F/40-F/foreign-private-issuer years; retain acquired/delisted firms through last eligible public firm-year
0000076334,Parker Hannifin,PH,industrials,1985-11-30,,1,PENDING_10K_USGAAP_SCREEN,Retain firm-year only when fiscal year-end falls within an S&P 500 membership interval,Exclude 20-F/40-F/foreign-private-issuer years; retain acquired/delisted firms through last eligible public firm-year
0000891024,Patterson Companies,PDCO,health_care,2005-10-11,2018-03-19,1,PENDING_10K_USGAAP_SCREEN,Retain firm-year only when fiscal year-end falls within an S&P 500 membership interval,Exclude 20-F/40-F/foreign-private-issuer years; retain acquired/delisted firms through last eligible public firm-year
0000723531,Paychex,PAYX,industrials,1998-10-01,,1,PENDING_10K_USGAAP_SCREEN,Retain firm-year only when fiscal year-end falls within an S&P 500 membership interval,Exclude 20-F/40-F/foreign-private-issuer years; retain acquired/delisted firms through last eligible public firm-year
0001590955,Paycom,PAYC,industrials,2020-01-28,2026-03-23,1,PENDING_10K_USGAAP_SCREEN,Retain firm-year only when fiscal year-end falls within an S&P 500 membership interval,Exclude 20-F/40-F/foreign-private-issuer years; retain acquired/delisted firms through last eligible public firm-year
0001064728,Peabody Energy,BTU,energy,2007-03-05,2014-09-20,1,PENDING_10K_USGAAP_SCREEN,Retain firm-year only when fiscal year-end falls within an S&P 500 membership interval,Exclude 20-F/40-F/foreign-private-issuer years; retain acquired/delisted firms through last eligible public firm-year
0000921738,Penn Entertainment,PENN,consumer_discretionary,2021-03-22,2022-09-19,1,PENDING_10K_USGAAP_SCREEN,Retain firm-year only when fiscal year-end falls within an S&P 500 membership interval,Exclude 20-F/40-F/foreign-private-issuer years; retain acquired/delisted firms through last eligible public firm-year
0001166126,Penney (J.C.),JCP,consumer_discretionary,2007-03-05,2013-12-02,1,PENDING_10K_USGAAP_SCREEN,Retain firm-year only when fiscal year-end falls within an S&P 500 membership interval,Exclude 20-F/40-F/foreign-private-issuer years; retain acquired/delisted firms through last eligible public firm-year
0000077360,Pentair,PNR,industrials,2012-10-01,,1,PENDING_10K_USGAAP_SCREEN,Retain firm-year only when fiscal year-end falls within an S&P 500 membership interval,Exclude 20-F/40-F/foreign-private-issuer years; retain acquired/delisted firms through last eligible public firm-year
0001076405,Pepsi Bottling Group,PBG,consumer_staples,2007-03-05,2010-04-03,1,PENDING_10K_USGAAP_SCREEN,Retain firm-year only when fiscal year-end falls within an S&P 500 membership interval,Exclude 20-F/40-F/foreign-private-issuer years; retain acquired/delisted firms through last eligible public firm-year
0000077476,PepsiCo,PEP,consumer_staples,1957-03-04,,1,PENDING_10K_USGAAP_SCREEN,Retain firm-year only when fiscal year-end falls within an S&P 500 membership interval,Exclude 20-F/40-F/foreign-private-issuer years; retain acquired/delisted firms through last eligible public firm-year
0001585364,Perrigo,PRGO,health_care,2011-12-19,2021-09-20,1,PENDING_10K_USGAAP_SCREEN,Retain firm-year only when fiscal year-end falls within an S&P 500 membership interval,Exclude 20-F/40-F/foreign-private-issuer years; retain acquired/delisted firms through last eligible public firm-year
0000863157,"PetSmart, Inc.",PETM,consumer_discretionary,2012-10-10,2015-03-12,1,PENDING_10K_USGAAP_SCREEN,Retain firm-year only when fiscal year-end falls within an S&P 500 membership interval,Exclude 20-F/40-F/foreign-private-issuer years; retain acquired/delisted firms through last eligible public firm-year
0000078003,Pfizer,PFE,health_care,1957-03-04,,1,PENDING_10K_USGAAP_SCREEN,Retain firm-year only when fiscal year-end falls within an S&P 500 membership interval,Exclude 20-F/40-F/foreign-private-issuer years; retain acquired/delisted firms through last eligible public firm-year
0001413329,Philip Morris International,PM,consumer_staples,2008-03-31,,1,PENDING_10K_USGAAP_SCREEN,Retain firm-year only when fiscal year-end falls within an S&P 500 membership interval,Exclude 20-F/40-F/foreign-private-issuer years; retain acquired/delisted firms through last eligible public firm-year
0001534701,Phillips 66,PSX,energy,2012-05-01,,1,PENDING_10K_USGAAP_SCREEN,Retain firm-year only when fiscal year-end falls within an S&P 500 membership interval,Exclude 20-F/40-F/foreign-private-issuer years; retain acquired/delisted firms through last eligible public firm-year
0001038357,Pioneer Natural Resources,PXD,energy,2008-09-24,2024-05-08,1,PENDING_10K_USGAAP_SCREEN,Retain firm-year only when fiscal year-end falls within an S&P 500 membership interval,Exclude 20-F/40-F/foreign-private-issuer years; retain acquired/delisted firms through last eligible public firm-year
0000078814,Pitney-Bowes,PBI,industrials,2007-03-05,2017-03-01,1,PENDING_10K_USGAAP_SCREEN,Retain firm-year only when fiscal year-end falls within an S&P 500 membership interval,Exclude 20-F/40-F/foreign-private-issuer years; retain acquired/delisted firms through last eligible public firm-year
0000945841,Pool Corporation,POOL,consumer_discretionary,2020-10-07,2026-06-22,1,PENDING_10K_USGAAP_SCREEN,Retain firm-year only when fiscal year-end falls within an S&P 500 membership interval,Exclude 20-F/40-F/foreign-private-issuer years; retain acquired/delisted firms through last eligible public firm-year
0000079879,PPG Industries,PPG,materials,1957-03-04,,1,PENDING_10K_USGAAP_SCREEN,Retain firm-year only when fiscal year-end falls within an S&P 500 membership interval,Exclude 20-F/40-F/foreign-private-issuer years; retain acquired/delisted firms through last eligible public firm-year
0000884905,Praxair Inc.,PX,materials,1992-07-01,2018-11-01,1,PENDING_10K_USGAAP_SCREEN,Retain firm-year only when fiscal year-end falls within an S&P 500 membership interval,Exclude 20-F/40-F/foreign-private-issuer years; retain acquired/delisted firms through last eligible public firm-year
0000079958,Precision Castparts,PCP,industrials,2007-06-01,2016-02-01,1,PENDING_10K_USGAAP_SCREEN,Retain firm-year only when fiscal year-end falls within an S&P 500 membership interval,Exclude 20-F/40-F/foreign-private-issuer years; retain acquired/delisted firms through last eligible public firm-year
0001075531,Priceline.com,BKNG|PCLN,consumer_discretionary,2009-11-06,,2,PENDING_10K_USGAAP_SCREEN,Retain firm-year only when fiscal year-end falls within an S&P 500 membership interval,Exclude 20-F/40-F/foreign-private-issuer years; retain acquired/delisted firms through last eligible public firm-year
0000080424,Procter & Gamble,PG,consumer_staples,1957-03-04,,1,PENDING_10K_USGAAP_SCREEN,Retain firm-year only when fiscal year-end falls within an S&P 500 membership interval,Exclude 20-F/40-F/foreign-private-issuer years; retain acquired/delisted firms through last eligible public firm-year
0000857005,PTC Inc.,PTC,information_technology,2021-04-20,,1,PENDING_10K_USGAAP_SCREEN,Retain firm-year only when fiscal year-end falls within an S&P 500 membership interval,Exclude 20-F/40-F/foreign-private-issuer years; retain acquired/delisted firms through last eligible public firm-year
0000822416,PulteGroup,PHM,consumer_discretionary,1984-04-30,,1,PENDING_10K_USGAAP_SCREEN,Retain firm-year only when fiscal year-end falls within an S&P 500 membership interval,Exclude 20-F/40-F/foreign-private-issuer years; retain acquired/delisted firms through last eligible public firm-year
0000078239,PVH,PVH,consumer_discretionary,2013-02-15,2022-09-19,1,PENDING_10K_USGAAP_SCREEN,Retain firm-year only when fiscal year-end falls within an S&P 500 membership interval,Exclude 20-F/40-F/foreign-private-issuer years; retain acquired/delisted firms through last eligible public firm-year
0001108827,QEP Resources,QEP,energy,2010-07-01,2015-07-01,1,PENDING_10K_USGAAP_SCREEN,Retain firm-year only when fiscal year-end falls within an S&P 500 membership interval,Exclude 20-F/40-F/foreign-private-issuer years; retain acquired/delisted firms through last eligible public firm-year
0000918386,QLogic Corp.,QLGC,information_technology,2007-03-05,2011-03-09,1,PENDING_10K_USGAAP_SCREEN,Retain firm-year only when fiscal year-end falls within an S&P 500 membership interval,Exclude 20-F/40-F/foreign-private-issuer years; retain acquired/delisted firms through last eligible public firm-year
0002058873,Qnity Electronics,Q,information_technology,2025-11-03,,1,PENDING_10K_USGAAP_SCREEN,Retain firm-year only when fiscal year-end falls within an S&P 500 membership interval,Exclude 20-F/40-F/foreign-private-issuer years; retain acquired/delisted firms through last eligible public firm-year
0001604778,Qorvo,QRVO,information_technology,2015-06-11,2024-12-23,1,PENDING_10K_USGAAP_SCREEN,Retain firm-year only when fiscal year-end falls within an S&P 500 membership interval,Exclude 20-F/40-F/foreign-private-issuer years; retain acquired/delisted firms through last eligible public firm-year
0000804328,Qualcomm,QCOM,information_technology,1999-07-22,,1,PENDING_10K_USGAAP_SCREEN,Retain firm-year only when fiscal year-end falls within an S&P 500 membership interval,Exclude 20-F/40-F/foreign-private-issuer years; retain acquired/delisted firms through last eligible public firm-year
0001050915,Quanta Services,PWR,industrials,2009-07-01,,1,PENDING_10K_USGAAP_SCREEN,Retain firm-year only when fiscal year-end falls within an S&P 500 membership interval,Exclude 20-F/40-F/foreign-private-issuer years; retain acquired/delisted firms through last eligible public firm-year
0001022079,Quest Diagnostics,DGX,health_care,2002-12-12,,1,PENDING_10K_USGAAP_SCREEN,Retain firm-year only when fiscal year-end falls within an S&P 500 membership interval,Exclude 20-F/40-F/foreign-private-issuer years; retain acquired/delisted firms through last eligible public firm-year
0001037949,Qwest Communications Int,Q,communication_services,2007-03-05,2011-03-31,1,PENDING_10K_USGAAP_SCREEN,Retain firm-year only when fiscal year-end falls within an S&P 500 membership interval,Exclude 20-F/40-F/foreign-private-issuer years; retain acquired/delisted firms through last eligible public firm-year
0000096289,RadioShack Corp,RSH,consumer_discretionary,2007-03-05,2011-06-30,1,PENDING_10K_USGAAP_SCREEN,Retain firm-year only when fiscal year-end falls within an S&P 500 membership interval,Exclude 20-F/40-F/foreign-private-issuer years; retain acquired/delisted firms through last eligible public firm-year
0001037038,Ralph Lauren Corporation,RL,consumer_discretionary,2007-02-02,,1,PENDING_10K_USGAAP_SCREEN,Retain firm-year only when fiscal year-end falls within an S&P 500 membership interval,Exclude 20-F/40-F/foreign-private-issuer years; retain acquired/delisted firms through last eligible public firm-year
0000315852,Range Resources Corp.,RRC,energy,2007-12-21,2018-06-18,1,PENDING_10K_USGAAP_SCREEN,Retain firm-year only when fiscal year-end falls within an S&P 500 membership interval,Exclude 20-F/40-F/foreign-private-issuer years; retain acquired/delisted firms through last eligible public firm-year
0001047122,Raytheon Co.,RTN,industrials,2007-03-05,2020-04-06,1,PENDING_10K_USGAAP_SCREEN,Retain firm-year only when fiscal year-end falls within an S&P 500 membership interval,Exclude 20-F/40-F/foreign-private-issuer years; retain acquired/delisted firms through last eligible public firm-year
0001087423,Red Hat Inc.,RHT,information_technology,2009-07-27,2019-07-15,1,PENDING_10K_USGAAP_SCREEN,Retain firm-year only when fiscal year-end falls within an S&P 500 membership interval,Exclude 20-F/40-F/foreign-private-issuer years; retain acquired/delisted firms through last eligible public firm-year
0000872589,Regeneron Pharmaceuticals,REGN,health_care,2013-05-01,,1,PENDING_10K_USGAAP_SCREEN,Retain firm-year only when fiscal year-end falls within an S&P 500 membership interval,Exclude 20-F/40-F/foreign-private-issuer years; retain acquired/delisted firms through last eligible public firm-year
0001060391,Republic Services,RSG,industrials,2008-12-05,,1,PENDING_10K_USGAAP_SCREEN,Retain firm-year only when fiscal year-end falls within an S&P 500 membership interval,Exclude 20-F/40-F/foreign-private-issuer years; retain acquired/delisted firms through last eligible public firm-year
0000943819,ResMed|,RMD,health_care,2017-07-26,,1,PENDING_10K_USGAAP_SCREEN,Retain firm-year only when fiscal year-end falls within an S&P 500 membership interval,Exclude 20-F/40-F/foreign-private-issuer years; retain acquired/delisted firms through last eligible public firm-year
0000031791,Revvity,PKI|RVTY,health_care,1985-05-31,,2,PENDING_10K_USGAAP_SCREEN,Retain firm-year only when fiscal year-end falls within an S&P 500 membership interval,Exclude 20-F/40-F/foreign-private-issuer years; retain acquired/delisted firms through last eligible public firm-year
0001275283,Reynolds American Inc.,RAI,consumer_staples,2007-03-05,2017-07-26,1,PENDING_10K_USGAAP_SCREEN,Retain firm-year only when fiscal year-end falls within an S&P 500 membership interval,Exclude 20-F/40-F/foreign-private-issuer years; retain acquired/delisted firms through last eligible public firm-year
0000315213,Robert Half,RHI,industrials,2000-12-05,2024-06-24,1,PENDING_10K_USGAAP_SCREEN,Retain firm-year only when fiscal year-end falls within an S&P 500 membership interval,Exclude 20-F/40-F/foreign-private-issuer years; retain acquired/delisted firms through last eligible public firm-year
0001024478,Rockwell Automation,ROK,industrials,2000-03-12,,1,PENDING_10K_USGAAP_SCREEN,Retain firm-year only when fiscal year-end falls within an S&P 500 membership interval,Exclude 20-F/40-F/foreign-private-issuer years; retain acquired/delisted firms through last eligible public firm-year
0001137411,Rockwell Collins,COL,industrials,2001-07-02,2018-12-03,1,PENDING_10K_USGAAP_SCREEN,Retain firm-year only when fiscal year-end falls within an S&P 500 membership interval,Exclude 20-F/40-F/foreign-private-issuer years; retain acquired/delisted firms through last eligible public firm-year
0000084839,"Rollins, Inc.",ROL,industrials,2018-10-01,,1,PENDING_10K_USGAAP_SCREEN,Retain firm-year only when fiscal year-end falls within an S&P 500 membership interval,Exclude 20-F/40-F/foreign-private-issuer years; retain acquired/delisted firms through last eligible public firm-year
0000882835,Roper Technologies,ROP,information_technology,2009-12-23,,1,PENDING_10K_USGAAP_SCREEN,Retain firm-year only when fiscal year-end falls within an S&P 500 membership interval,Exclude 20-F/40-F/foreign-private-issuer years; retain acquired/delisted firms through last eligible public firm-year
0000745732,Ross Stores,ROST,consumer_discretionary,2009-12-21,,1,PENDING_10K_USGAAP_SCREEN,Retain firm-year only when fiscal year-end falls within an S&P 500 membership interval,Exclude 20-F/40-F/foreign-private-issuer years; retain acquired/delisted firms through last eligible public firm-year
0000085408,Rowan Cos.,RDC,energy,1985-01-31,2014-08-18,1,PENDING_10K_USGAAP_SCREEN,Retain firm-year only when fiscal year-end falls within an S&P 500 membership interval,Exclude 20-F/40-F/foreign-private-issuer years; retain acquired/delisted firms through last eligible public firm-year
0000884887,Royal Caribbean Group,RCL,consumer_discretionary,2014-12-05,,1,PENDING_10K_USGAAP_SCREEN,Retain firm-year only when fiscal year-end falls within an S&P 500 membership interval,Exclude 20-F/40-F/foreign-private-issuer years; retain acquired/delisted firms through last eligible public firm-year
0000085961,Ryder System,R,industrials,1982-12-31,2017-06-19,1,PENDING_10K_USGAAP_SCREEN,Retain firm-year only when fiscal year-end falls within an S&P 500 membership interval,Exclude 20-F/40-F/foreign-private-issuer years; retain acquired/delisted firms through last eligible public firm-year
0000086144,Safeway Inc.,SWY,consumer_staples,2007-03-05,2015-01-27,1,PENDING_10K_USGAAP_SCREEN,Retain firm-year only when fiscal year-end falls within an S&P 500 membership interval,Exclude 20-F/40-F/foreign-private-issuer years; retain acquired/delisted firms through last eligible public firm-year
0001108524,Salesforce,CRM,information_technology,2008-09-15,,1,PENDING_10K_USGAAP_SCREEN,Retain firm-year only when fiscal year-end falls within an S&P 500 membership interval,Exclude 20-F/40-F/foreign-private-issuer years; retain acquired/delisted firms through last eligible public firm-year
0002023554,Sandisk,SNDK,information_technology,2025-11-28,,1,PENDING_10K_USGAAP_SCREEN,Retain firm-year only when fiscal year-end falls within an S&P 500 membership interval,Exclude 20-F/40-F/foreign-private-issuer years; retain acquired/delisted firms through last eligible public firm-year
0001000180,SanDisk Corporation,SNDK,information_technology,2007-03-05,2016-05-13,1,PENDING_10K_USGAAP_SCREEN,Retain firm-year only when fiscal year-end falls within an S&P 500 membership interval,Exclude 20-F/40-F/foreign-private-issuer years; retain acquired/delisted firms through last eligible public firm-year
0000023666,Sara Lee Corp.,SLE,consumer_staples,2007-03-05,2012-06-29,1,PENDING_10K_USGAAP_SCREEN,Retain firm-year only when fiscal year-end falls within an S&P 500 membership interval,Exclude 20-F/40-F/foreign-private-issuer years; retain acquired/delisted firms through last eligible public firm-year
0000310158,Schering-Plough,MRK|SGPPRB,health_care,1957-03-04,,2,PENDING_10K_USGAAP_SCREEN,Retain firm-year only when fiscal year-end falls within an S&P 500 membership interval,Exclude 20-F/40-F/foreign-private-issuer years; retain acquired/delisted firms through last eligible public firm-year
0000087347,Schlumberger,SLB,energy,1957-03-04,,1,PENDING_10K_USGAAP_SCREEN,Retain firm-year only when fiscal year-end falls within an S&P 500 membership interval,Exclude 20-F/40-F/foreign-private-issuer years; retain acquired/delisted firms through last eligible public firm-year
0001430602,Scripps Networks Interactive Inc.,SNI,consumer_discretionary,2008-07-01,2018-03-07,1,PENDING_10K_USGAAP_SCREEN,Retain firm-year only when fiscal year-end falls within an S&P 500 membership interval,Exclude 20-F/40-F/foreign-private-issuer years; retain acquired/delisted firms through last eligible public firm-year
0001137789,Seagate Technology,STX,information_technology,2012-07-02,,1,PENDING_10K_USGAAP_SCREEN,Retain firm-year only when fiscal year-end falls within an S&P 500 membership interval,Exclude 20-F/40-F/foreign-private-issuer years; retain acquired/delisted firms through last eligible public firm-year
0001012100,Sealed Air,SEE,materials,1957-03-04,2023-12-18,1,PENDING_10K_USGAAP_SCREEN,Retain firm-year only when fiscal year-end falls within an S&P 500 membership interval,Exclude 20-F/40-F/foreign-private-issuer years; retain acquired/delisted firms through last eligible public firm-year
0001310067,Sears Holdings Corporation,SHLD,consumer_discretionary,2007-03-05,2012-09-05,1,PENDING_10K_USGAAP_SCREEN,Retain firm-year only when fiscal year-end falls within an S&P 500 membership interval,Exclude 20-F/40-F/foreign-private-issuer years; retain acquired/delisted firms through last eligible public firm-year
0001373715,ServiceNow,NOW,information_technology,2019-11-21,,1,PENDING_10K_USGAAP_SCREEN,Retain firm-year only when fiscal year-end falls within an S&P 500 membership interval,Exclude 20-F/40-F/foreign-private-issuer years; retain acquired/delisted firms through last eligible public firm-year
0000089800,Sherwin-Williams,SHW,materials,1964-06-30,,1,PENDING_10K_USGAAP_SCREEN,Retain firm-year only when fiscal year-end falls within an S&P 500 membership interval,Exclude 20-F/40-F/foreign-private-issuer years; retain acquired/delisted firms through last eligible public firm-year
0000090185,Sigma-Aldrich,SIAL,materials,1994-09-01,2015-11-19,1,PENDING_10K_USGAAP_SCREEN,Retain firm-year only when fiscal year-end falls within an S&P 500 membership interval,Exclude 20-F/40-F/foreign-private-issuer years; retain acquired/delisted firms through last eligible public firm-year
0000832988,Signet Jewelers,SIG,consumer_discretionary,2015-07-29,2018-03-19,1,PENDING_10K_USGAAP_SCREEN,Retain firm-year only when fiscal year-end falls within an S&P 500 membership interval,Exclude 20-F/40-F/foreign-private-issuer years; retain acquired/delisted firms through last eligible public firm-year
0000004127,Skyworks Solutions,SWKS,information_technology,2015-03-12,,1,PENDING_10K_USGAAP_SCREEN,Retain firm-year only when fiscal year-end falls within an S&P 500 membership interval,Exclude 20-F/40-F/foreign-private-issuer years; retain acquired/delisted firms through last eligible public firm-year
0000721083,Smith International,SII,energy,2007-03-05,2010-08-26,1,PENDING_10K_USGAAP_SCREEN,Retain firm-year only when fiscal year-end falls within an S&P 500 membership interval,Exclude 20-F/40-F/foreign-private-issuer years; retain acquired/delisted firms through last eligible public firm-year
0002005951,Smurfit Westrock,SW,materials,2024-07-08,,1,PENDING_10K_USGAAP_SCREEN,Retain firm-year only when fiscal year-end falls within an S&P 500 membership interval,Exclude 20-F/40-F/foreign-private-issuer years; retain acquired/delisted firms through last eligible public firm-year
0000091440,Snap-on,SNA,industrials,1982-09-30,,1,PENDING_10K_USGAAP_SCREEN,Retain firm-year only when fiscal year-end falls within an S&P 500 membership interval,Exclude 20-F/40-F/foreign-private-issuer years; retain acquired/delisted firms through last eligible public firm-year
0001419612,SolarEdge,SEDG,information_technology,2021-12-20,2023-12-18,1,PENDING_10K_USGAAP_SCREEN,Retain firm-year only when fiscal year-end falls within an S&P 500 membership interval,Exclude 20-F/40-F/foreign-private-issuer years; retain acquired/delisted firms through last eligible public firm-year
0002064953,Solstice Advanced Materials,SOLS,materials,2025-10-30,2025-12-22,1,PENDING_10K_USGAAP_SCREEN,Retain firm-year only when fiscal year-end falls within an S&P 500 membership interval,Exclude 20-F/40-F/foreign-private-issuer years; retain acquired/delisted firms through last eligible public firm-year
0001964738,Solventum,SOLV,health_care,2024-04-01,,1,PENDING_10K_USGAAP_SCREEN,Retain firm-year only when fiscal year-end falls within an S&P 500 membership interval,Exclude 20-F/40-F/foreign-private-issuer years; retain acquired/delisted firms through last eligible public firm-year
0000092380,Southwest Airlines,LUV,industrials,1994-07-01,,1,PENDING_10K_USGAAP_SCREEN,Retain firm-year only when fiscal year-end falls within an S&P 500 membership interval,Exclude 20-F/40-F/foreign-private-issuer years; retain acquired/delisted firms through last eligible public firm-year
0000007332,Southwestern Energy,SWN,energy,2008-06-06,2017-04-04,1,PENDING_10K_USGAAP_SCREEN,Retain firm-year only when fiscal year-end falls within an S&P 500 membership interval,Exclude 20-F/40-F/foreign-private-issuer years; retain acquired/delisted firms through last eligible public firm-year
0001373835,Spectra Energy Corp.,SE,energy,2007-03-05,2017-02-28,1,PENDING_10K_USGAAP_SCREEN,Retain firm-year only when fiscal year-end falls within an S&P 500 membership interval,Exclude 20-F/40-F/foreign-private-issuer years; retain acquired/delisted firms through last eligible public firm-year
0000101830,Sprint Nextel Corp.,S,communication_services,2007-03-05,2013-07-08,1,PENDING_10K_USGAAP_SCREEN,Retain firm-year only when fiscal year-end falls within an S&P 500 membership interval,Exclude 20-F/40-F/foreign-private-issuer years; retain acquired/delisted firms through last eligible public firm-year
0000203077,St Jude Medical,STJ,health_care,1989-11-30,2017-01-05,1,PENDING_10K_USGAAP_SCREEN,Retain firm-year only when fiscal year-end falls within an S&P 500 membership interval,Exclude 20-F/40-F/foreign-private-issuer years; retain acquired/delisted firms through last eligible public firm-year
0000791519,Staples Inc.,SPLS,consumer_discretionary,1998-10-07,2017-09-18,1,PENDING_10K_USGAAP_SCREEN,Retain firm-year only when fiscal year-end falls within an S&P 500 membership interval,Exclude 20-F/40-F/foreign-private-issuer years; retain acquired/delisted firms through last eligible public firm-year
0000829224,Starbucks,SBUX,consumer_discretionary,2000-06-07,,1,PENDING_10K_USGAAP_SCREEN,Retain firm-year only when fiscal year-end falls within an S&P 500 membership interval,Exclude 20-F/40-F/foreign-private-issuer years; retain acquired/delisted firms through last eligible public firm-year
0000316206,Starwood Hotels & Resorts,HOT,consumer_discretionary,2007-03-05,2016-09-22,1,PENDING_10K_USGAAP_SCREEN,Retain firm-year only when fiscal year-end falls within an S&P 500 membership interval,Exclude 20-F/40-F/foreign-private-issuer years; retain acquired/delisted firms through last eligible public firm-year
0001022671,Steel Dynamics,STLD,materials,2022-12-22,,1,PENDING_10K_USGAAP_SCREEN,Retain firm-year only when fiscal year-end falls within an S&P 500 membership interval,Exclude 20-F/40-F/foreign-private-issuer years; retain acquired/delisted firms through last eligible public firm-year
0000861878,Stericycle Inc,SRCL,industrials,2008-11-19,2018-12-03,1,PENDING_10K_USGAAP_SCREEN,Retain firm-year only when fiscal year-end falls within an S&P 500 membership interval,Exclude 20-F/40-F/foreign-private-issuer years; retain acquired/delisted firms through last eligible public firm-year
0001757898,Steris,STE,health_care,2019-12-23,,1,PENDING_10K_USGAAP_SCREEN,Retain firm-year only when fiscal year-end falls within an S&P 500 membership interval,Exclude 20-F/40-F/foreign-private-issuer years; retain acquired/delisted firms through last eligible public firm-year
0000310764,Stryker Corporation,SYK,health_care,2000-12-12,,1,PENDING_10K_USGAAP_SCREEN,Retain firm-year only when fiscal year-end falls within an S&P 500 membership interval,Exclude 20-F/40-F/foreign-private-issuer years; retain acquired/delisted firms through last eligible public firm-year
0000709519,Sun Microsystems,JAVA,information_technology,2007-09-11,2010-02-05,1,PENDING_10K_USGAAP_SCREEN,Retain firm-year only when fiscal year-end falls within an S&P 500 membership interval,Exclude 20-F/40-F/foreign-private-issuer years; retain acquired/delisted firms through last eligible public firm-year
0000095304,Sunoco Inc.,SUN,energy,2007-03-05,2012-10-10,1,PENDING_10K_USGAAP_SCREEN,Retain firm-year only when fiscal year-end falls within an S&P 500 membership interval,Exclude 20-F/40-F/foreign-private-issuer years; retain acquired/delisted firms through last eligible public firm-year
0001375365,Supermicro,SMCI,information_technology,2024-03-18,,1,PENDING_10K_USGAAP_SCREEN,Retain firm-year only when fiscal year-end falls within an S&P 500 membership interval,Exclude 20-F/40-F/foreign-private-issuer years; retain acquired/delisted firms through last eligible public firm-year
0000095521,Supervalu Inc.,SVU,consumer_staples,2007-03-05,2012-04-23,1,PENDING_10K_USGAAP_SCREEN,Retain firm-year only when fiscal year-end falls within an S&P 500 membership interval,Exclude 20-F/40-F/foreign-private-issuer years; retain acquired/delisted firms through last eligible public firm-year
0000849399,Symantec Corp.,GEN|NLOK|SYMC,information_technology,2003-03-25,,3,PENDING_10K_USGAAP_SCREEN,Retain firm-year only when fiscal year-end falls within an S&P 500 membership interval,Exclude 20-F/40-F/foreign-private-issuer years; retain acquired/delisted firms through last eligible public firm-year
0000883241,Synopsys,SNPS,information_technology,2017-03-16,,1,PENDING_10K_USGAAP_SCREEN,Retain firm-year only when fiscal year-end falls within an S&P 500 membership interval,Exclude 20-F/40-F/foreign-private-issuer years; retain acquired/delisted firms through last eligible public firm-year
0000096021,Sysco,SYY,consumer_staples,1986-12-31,,1,PENDING_10K_USGAAP_SCREEN,Retain firm-year only when fiscal year-end falls within an S&P 500 membership interval,Exclude 20-F/40-F/foreign-private-issuer years; retain acquired/delisted firms through last eligible public firm-year
0001283699,T-Mobile US,PCS|TMUS,communication_services,2009-07-04,,2,PENDING_10K_USGAAP_SCREEN,Retain firm-year only when fiscal year-end falls within an S&P 500 membership interval,Exclude 20-F/40-F/foreign-private-issuer years; retain acquired/delisted firms through last eligible public firm-year
0000946581,Take-Two Interactive,TTWO,communication_services,2018-03-19,,1,PENDING_10K_USGAAP_SCREEN,Retain firm-year only when fiscal year-end falls within an S&P 500 membership interval,Exclude 20-F/40-F/foreign-private-issuer years; retain acquired/delisted firms through last eligible public firm-year
0001389170,Targa Resources,TRGP,energy,2022-10-12,,1,PENDING_10K_USGAAP_SCREEN,Retain firm-year only when fiscal year-end falls within an S&P 500 membership interval,Exclude 20-F/40-F/foreign-private-issuer years; retain acquired/delisted firms through last eligible public firm-year
0000027419,Target Corporation,TGT,consumer_staples,1976-12-31,,1,PENDING_10K_USGAAP_SCREEN,Retain firm-year only when fiscal year-end falls within an S&P 500 membership interval,Exclude 20-F/40-F/foreign-private-issuer years; retain acquired/delisted firms through last eligible public firm-year
0001385157,TE Connectivity,TEL,information_technology,2011-10-17,,1,PENDING_10K_USGAAP_SCREEN,Retain firm-year only when fiscal year-end falls within an S&P 500 membership interval,Exclude 20-F/40-F/foreign-private-issuer years; retain acquired/delisted firms through last eligible public firm-year
0001681459,TechnipFMC,FTI,energy,2009-06-05,2021-02-12,1,PENDING_10K_USGAAP_SCREEN,Retain firm-year only when fiscal year-end falls within an S&P 500 membership interval,Exclude 20-F/40-F/foreign-private-issuer years; retain acquired/delisted firms through last eligible public firm-year
0000039899,"Tegna, Inc.",GCI|TGNA,consumer_discretionary,1975-12-31,2017-06-02,2,PENDING_10K_USGAAP_SCREEN,Retain firm-year only when fiscal year-end falls within an S&P 500 membership interval,Exclude 20-F/40-F/foreign-private-issuer years; retain acquired/delisted firms through last eligible public firm-year
0001094285,Teledyne Technologies,TDY,information_technology,2020-06-22,,1,PENDING_10K_USGAAP_SCREEN,Retain firm-year only when fiscal year-end falls within an S&P 500 membership interval,Exclude 20-F/40-F/foreign-private-issuer years; retain acquired/delisted firms through last eligible public firm-year
0000096943,Teleflex,TFX,health_care,2019-01-18,2025-03-24,1,PENDING_10K_USGAAP_SCREEN,Retain firm-year only when fiscal year-end falls within an S&P 500 membership interval,Exclude 20-F/40-F/foreign-private-issuer years; retain acquired/delisted firms through last eligible public firm-year
0000317771,Tellabs Inc.,TLAB,information_technology,2007-03-05,2011-12-20,1,PENDING_10K_USGAAP_SCREEN,Retain firm-year only when fiscal year-end falls within an S&P 500 membership interval,Exclude 20-F/40-F/foreign-private-issuer years; retain acquired/delisted firms through last eligible public firm-year
0000070318,Tenet Healthcare Corp.,THC,health_care,1979-03-31,2016-04-18,1,PENDING_10K_USGAAP_SCREEN,Retain firm-year only when fiscal year-end falls within an S&P 500 membership interval,Exclude 20-F/40-F/foreign-private-issuer years; retain acquired/delisted firms through last eligible public firm-year
0000816761,Teradata Corp.,TDC,information_technology,2007-10-01,2017-06-19,1,PENDING_10K_USGAAP_SCREEN,Retain firm-year only when fiscal year-end falls within an S&P 500 membership interval,Exclude 20-F/40-F/foreign-private-issuer years; retain acquired/delisted firms through last eligible public firm-year
0000097210,Teradyne,TER,information_technology,2007-03-05,,2,PENDING_10K_USGAAP_SCREEN,Retain firm-year only when fiscal year-end falls within an S&P 500 membership interval,Exclude 20-F/40-F/foreign-private-issuer years; retain acquired/delisted firms through last eligible public firm-year
0001318605,"Tesla, Inc.",TSLA,consumer_discretionary,2020-12-21,,1,PENDING_10K_USGAAP_SCREEN,Retain firm-year only when fiscal year-end falls within an S&P 500 membership interval,Exclude 20-F/40-F/foreign-private-issuer years; retain acquired/delisted firms through last eligible public firm-year
0000050104,Tesoro Petroleum Co.,ANDV|TSO,energy,2007-09-27,2018-10-01,2,PENDING_10K_USGAAP_SCREEN,Retain firm-year only when fiscal year-end falls within an S&P 500 membership interval,Exclude 20-F/40-F/foreign-private-issuer years; retain acquired/delisted firms through last eligible public firm-year
0000097476,Texas Instruments,TXN,information_technology,2001-03-12,,1,PENDING_10K_USGAAP_SCREEN,Retain firm-year only when fiscal year-end falls within an S&P 500 membership interval,Exclude 20-F/40-F/foreign-private-issuer years; retain acquired/delisted firms through last eligible public firm-year
0001811074,Texas Pacific Land Corporation,TPL,energy,2024-11-26,,1,PENDING_10K_USGAAP_SCREEN,Retain firm-year only when fiscal year-end falls within an S&P 500 membership interval,Exclude 20-F/40-F/foreign-private-issuer years; retain acquired/delisted firms through last eligible public firm-year
0000217346,Textron,TXT,industrials,1978-12-31,,1,PENDING_10K_USGAAP_SCREEN,Retain firm-year only when fiscal year-end falls within an S&P 500 membership interval,Exclude 20-F/40-F/foreign-private-issuer years; retain acquired/delisted firms through last eligible public firm-year
0000097745,Thermo Fisher Scientific,TMO,health_care,2004-08-03,,1,PENDING_10K_USGAAP_SCREEN,Retain firm-year only when fiscal year-end falls within an S&P 500 membership interval,Exclude 20-F/40-F/foreign-private-issuer years; retain acquired/delisted firms through last eligible public firm-year
0000098246,Tiffany & Co.,TIF,consumer_discretionary,2000-06-21,2021-01-07,1,PENDING_10K_USGAAP_SCREEN,Retain firm-year only when fiscal year-end falls within an S&P 500 membership interval,Exclude 20-F/40-F/foreign-private-issuer years; retain acquired/delisted firms through last eligible public firm-year
0001377013,Time Warner Cable Inc.,TWC,consumer_discretionary,2009-03-30,2016-05-18,1,PENDING_10K_USGAAP_SCREEN,Retain firm-year only when fiscal year-end falls within an S&P 500 membership interval,Exclude 20-F/40-F/foreign-private-issuer years; retain acquired/delisted firms through last eligible public firm-year
0001105705,Time Warner Inc.,TWX,consumer_discretionary,2007-03-05,2018-06-20,1,PENDING_10K_USGAAP_SCREEN,Retain firm-year only when fiscal year-end falls within an S&P 500 membership interval,Exclude 20-F/40-F/foreign-private-issuer years; retain acquired/delisted firms through last eligible public firm-year
0001011657,Titanium Metals Corp,TIE,materials,2008-01-22,2012-12-21,1,PENDING_10K_USGAAP_SCREEN,Retain firm-year only when fiscal year-end falls within an S&P 500 membership interval,Exclude 20-F/40-F/foreign-private-issuer years; retain acquired/delisted firms through last eligible public firm-year
0000109198,TJX Companies,TJX,consumer_discretionary,1985-09-30,,1,PENDING_10K_USGAAP_SCREEN,Retain firm-year only when fiscal year-end falls within an S&P 500 membership interval,Exclude 20-F/40-F/foreign-private-issuer years; retain acquired/delisted firms through last eligible public firm-year
0001973266,TKO Group Holdings,TKO,communication_services,2025-03-24,,1,PENDING_10K_USGAAP_SCREEN,Retain firm-year only when fiscal year-end falls within an S&P 500 membership interval,Exclude 20-F/40-F/foreign-private-issuer years; retain acquired/delisted firms through last eligible public firm-year
0000721683,Total System Services,TSS,information_technology,2008-01-02,2019-09-23,1,PENDING_10K_USGAAP_SCREEN,Retain firm-year only when fiscal year-end falls within an S&P 500 membership interval,Exclude 20-F/40-F/foreign-private-issuer years; retain acquired/delisted firms through last eligible public firm-year
0000916365,Tractor Supply,TSCO,consumer_discretionary,2014-01-24,,1,PENDING_10K_USGAAP_SCREEN,Retain firm-year only when fiscal year-end falls within an S&P 500 membership interval,Exclude 20-F/40-F/foreign-private-issuer years; retain acquired/delisted firms through last eligible public firm-year
0001671933,Trade Desk (The),TTD,communication_services,2025-07-18,2026-09-20,1,PENDING_10K_USGAAP_SCREEN,Retain firm-year only when fiscal year-end falls within an S&P 500 membership interval,Exclude 20-F/40-F/foreign-private-issuer years; retain acquired/delisted firms through last eligible public firm-year
0001466258,Trane Technologies,TT,industrials,2010-11-17,,1,PENDING_10K_USGAAP_SCREEN,Retain firm-year only when fiscal year-end falls within an S&P 500 membership interval,Exclude 20-F/40-F/foreign-private-issuer years; retain acquired/delisted firms through last eligible public firm-year
0001260221,TransDigm Group,TDG,industrials,2016-06-03,,1,PENDING_10K_USGAAP_SCREEN,Retain firm-year only when fiscal year-end falls within an S&P 500 membership interval,Exclude 20-F/40-F/foreign-private-issuer years; retain acquired/delisted firms through last eligible public firm-year
0001451505,Transocean,RIG,energy,2013-10-29,2017-07-26,1,PENDING_10K_USGAAP_SCREEN,Retain firm-year only when fiscal year-end falls within an S&P 500 membership interval,Exclude 20-F/40-F/foreign-private-issuer years; retain acquired/delisted firms through last eligible public firm-year
0000864749,Trimble Inc.,TRMB,information_technology,2021-01-21,,1,PENDING_10K_USGAAP_SCREEN,Retain firm-year only when fiscal year-end falls within an S&P 500 membership interval,Exclude 20-F/40-F/foreign-private-issuer years; retain acquired/delisted firms through last eligible public firm-year
0001526520,TripAdvisor,TRIP,communication_services,2011-12-21,2019-12-23,1,PENDING_10K_USGAAP_SCREEN,Retain firm-year only when fiscal year-end falls within an S&P 500 membership interval,Exclude 20-F/40-F/foreign-private-issuer years; retain acquired/delisted firms through last eligible public firm-year
0001418091,Twitter Inc.,TWTR,communication_services,2018-06-07,2022-11-01,1,PENDING_10K_USGAAP_SCREEN,Retain firm-year only when fiscal year-end falls within an S&P 500 membership interval,Exclude 20-F/40-F/foreign-private-issuer years; retain acquired/delisted firms through last eligible public firm-year
0000833444,Tyco International,JCI|TYC,industrials,2010-08-27,,2,PENDING_10K_USGAAP_SCREEN,Retain firm-year only when fiscal year-end falls within an S&P 500 membership interval,Exclude 20-F/40-F/foreign-private-issuer years; retain acquired/delisted firms through last eligible public firm-year
0000860731,Tyler Technologies,TYL,information_technology,2020-06-22,,1,PENDING_10K_USGAAP_SCREEN,Retain firm-year only when fiscal year-end falls within an S&P 500 membership interval,Exclude 20-F/40-F/foreign-private-issuer years; retain acquired/delisted firms through last eligible public firm-year
0000100493,Tyson Foods,TSN,consumer_staples,2005-08-10,,1,PENDING_10K_USGAAP_SCREEN,Retain firm-year only when fiscal year-end falls within an S&P 500 membership interval,Exclude 20-F/40-F/foreign-private-issuer years; retain acquired/delisted firms through last eligible public firm-year
0001543151,Uber,UBER,industrials,2023-12-18,,1,PENDING_10K_USGAAP_SCREEN,Retain firm-year only when fiscal year-end falls within an S&P 500 membership interval,Exclude 20-F/40-F/foreign-private-issuer years; retain acquired/delisted firms through last eligible public firm-year
0001403568,Ulta Beauty,ULTA,consumer_discretionary,2016-04-18,,1,PENDING_10K_USGAAP_SCREEN,Retain firm-year only when fiscal year-end falls within an S&P 500 membership interval,Exclude 20-F/40-F/foreign-private-issuer years; retain acquired/delisted firms through last eligible public firm-year
0001336917,Under Armour (Class C),UAA|UA.C|UA,consumer_discretionary,2014-05-01,2022-06-21,3,PENDING_10K_USGAAP_SCREEN,Retain firm-year only when fiscal year-end falls within an S&P 500 membership interval,Exclude 20-F/40-F/foreign-private-issuer years; retain acquired/delisted firms through last eligible public firm-year
0000100885,Union Pacific Corporation,UNP,industrials,1957-03-04,,1,PENDING_10K_USGAAP_SCREEN,Retain firm-year only when fiscal year-end falls within an S&P 500 membership interval,Exclude 20-F/40-F/foreign-private-issuer years; retain acquired/delisted firms through last eligible public firm-year
0000100517,United Airlines Holdings,UAL,industrials,2015-09-03,,1,PENDING_10K_USGAAP_SCREEN,Retain firm-year only when fiscal year-end falls within an S&P 500 membership interval,Exclude 20-F/40-F/foreign-private-issuer years; retain acquired/delisted firms through last eligible public firm-year
0001090727,United Parcel Service,UPS,industrials,2002-07-22,,1,PENDING_10K_USGAAP_SCREEN,Retain firm-year only when fiscal year-end falls within an S&P 500 membership interval,Exclude 20-F/40-F/foreign-private-issuer years; retain acquired/delisted firms through last eligible public firm-year
0001067701,United Rentals,URI,industrials,2014-09-20,,1,PENDING_10K_USGAAP_SCREEN,Retain firm-year only when fiscal year-end falls within an S&P 500 membership interval,Exclude 20-F/40-F/foreign-private-issuer years; retain acquired/delisted firms through last eligible public firm-year
0001163302,United States Steel Corp.,X,materials,1991-05-01,2014-07-02,1,PENDING_10K_USGAAP_SCREEN,Retain firm-year only when fiscal year-end falls within an S&P 500 membership interval,Exclude 20-F/40-F/foreign-private-issuer years; retain acquired/delisted firms through last eligible public firm-year
0000101829,United Technologies,RTX|UTX,industrials,1957-03-04,,2,PENDING_10K_USGAAP_SCREEN,Retain firm-year only when fiscal year-end falls within an S&P 500 membership interval,Exclude 20-F/40-F/foreign-private-issuer years; retain acquired/delisted firms through last eligible public firm-year
0000731766,UnitedHealth Group,UNH,health_care,1994-07-01,,1,PENDING_10K_USGAAP_SCREEN,Retain firm-year only when fiscal year-end falls within an S&P 500 membership interval,Exclude 20-F/40-F/foreign-private-issuer years; retain acquired/delisted firms through last eligible public firm-year
0000352915,Universal Health Services,UHS,health_care,2014-09-20,,1,PENDING_10K_USGAAP_SCREEN,Retain firm-year only when fiscal year-end falls within an S&P 500 membership interval,Exclude 20-F/40-F/foreign-private-issuer years; retain acquired/delisted firms through last eligible public firm-year
0000912615,Urban Outfitters,URBN,consumer_discretionary,2010-02-08,2017-03-20,1,PENDING_10K_USGAAP_SCREEN,Retain firm-year only when fiscal year-end falls within an S&P 500 membership interval,Exclude 20-F/40-F/foreign-private-issuer years; retain acquired/delisted firms through last eligible public firm-year
0001035002,Valero Energy,VLO,energy,2002-12-20,,1,PENDING_10K_USGAAP_SCREEN,Retain firm-year only when fiscal year-end falls within an S&P 500 membership interval,Exclude 20-F/40-F/foreign-private-issuer years; retain acquired/delisted firms through last eligible public firm-year
0000203527,Varian Medical Systems,VAR,health_care,2007-02-12,2021-04-20,1,PENDING_10K_USGAAP_SCREEN,Retain firm-year only when fiscal year-end falls within an S&P 500 membership interval,Exclude 20-F/40-F/foreign-private-issuer years; retain acquired/delisted firms through last eligible public firm-year
0001967680,Veralto,VLTO,industrials,2023-10-02,,1,PENDING_10K_USGAAP_SCREEN,Retain firm-year only when fiscal year-end falls within an S&P 500 membership interval,Exclude 20-F/40-F/foreign-private-issuer years; retain acquired/delisted firms through last eligible public firm-year
0001014473,Verisign,VRSN,information_technology,2006-02-01,,1,PENDING_10K_USGAAP_SCREEN,Retain firm-year only when fiscal year-end falls within an S&P 500 membership interval,Exclude 20-F/40-F/foreign-private-issuer years; retain acquired/delisted firms through last eligible public firm-year
0001442145,Verisk Analytics,VRSK,industrials,2015-10-08,,1,PENDING_10K_USGAAP_SCREEN,Retain firm-year only when fiscal year-end falls within an S&P 500 membership interval,Exclude 20-F/40-F/foreign-private-issuer years; retain acquired/delisted firms through last eligible public firm-year
0000732712,Verizon,VZ,communication_services,1983-11-30,,1,PENDING_10K_USGAAP_SCREEN,Retain firm-year only when fiscal year-end falls within an S&P 500 membership interval,Exclude 20-F/40-F/foreign-private-issuer years; retain acquired/delisted firms through last eligible public firm-year
0000875320,Vertex Pharmaceuticals,VRTX,health_care,2013-09-23,,1,PENDING_10K_USGAAP_SCREEN,Retain firm-year only when fiscal year-end falls within an S&P 500 membership interval,Exclude 20-F/40-F/foreign-private-issuer years; retain acquired/delisted firms through last eligible public firm-year
0000103379,VF Corporation,VFC,consumer_discretionary,1979-06-30,2024-04-03,1,PENDING_10K_USGAAP_SCREEN,Retain firm-year only when fiscal year-end falls within an S&P 500 membership interval,Exclude 20-F/40-F/foreign-private-issuer years; retain acquired/delisted firms through last eligible public firm-year
0001339947,Viacom Inc.,VIAB,communication_services,2007-03-05,2019-12-05,1,PENDING_10K_USGAAP_SCREEN,Retain firm-year only when fiscal year-end falls within an S&P 500 membership interval,Exclude 20-F/40-F/foreign-private-issuer years; retain acquired/delisted firms through last eligible public firm-year
0000813828,ViacomCBS,CBS|PARA|VIAC,communication_services,1994-09-01,2025-08-08,3,PENDING_10K_USGAAP_SCREEN,Retain firm-year only when fiscal year-end falls within an S&P 500 membership interval,Exclude 20-F/40-F/foreign-private-issuer years; retain acquired/delisted firms through last eligible public firm-year
0001792044,Viatris,VTRS,health_care,2004-04-23,,1,PENDING_10K_USGAAP_SCREEN,Retain firm-year only when fiscal year-end falls within an S&P 500 membership interval,Exclude 20-F/40-F/foreign-private-issuer years; retain acquired/delisted firms through last eligible public firm-year
0001786842,Vontier,VNT,information_technology,2020-10-09,2021-03-22,1,PENDING_10K_USGAAP_SCREEN,Retain firm-year only when fiscal year-end falls within an S&P 500 membership interval,Exclude 20-F/40-F/foreign-private-issuer years; retain acquired/delisted firms through last eligible public firm-year
0001396009,Vulcan Materials Company,VMC,materials,1999-06-30,,1,PENDING_10K_USGAAP_SCREEN,Retain firm-year only when fiscal year-end falls within an S&P 500 membership interval,Exclude 20-F/40-F/foreign-private-issuer years; retain acquired/delisted firms through last eligible public firm-year
0000277135,W. W. Grainger,GWW,industrials,1981-06-30,,1,PENDING_10K_USGAAP_SCREEN,Retain firm-year only when fiscal year-end falls within an S&P 500 membership interval,Exclude 20-F/40-F/foreign-private-issuer years; retain acquired/delisted firms through last eligible public firm-year
0000943452,Wabtec,WAB,industrials,2019-02-27,,1,PENDING_10K_USGAAP_SCREEN,Retain firm-year only when fiscal year-end falls within an S&P 500 membership interval,Exclude 20-F/40-F/foreign-private-issuer years; retain acquired/delisted firms through last eligible public firm-year
0000104207,Walgreen Co.,WAG,consumer_staples,1979-12-31,2015-01-02,1,PENDING_10K_USGAAP_SCREEN,Retain firm-year only when fiscal year-end falls within an S&P 500 membership interval,Exclude 20-F/40-F/foreign-private-issuer years; retain acquired/delisted firms through last eligible public firm-year
0001618921,Walgreens Boots Alliance,WBA,consumer_staples,1979-12-31,2025-08-28,1,PENDING_10K_USGAAP_SCREEN,Retain firm-year only when fiscal year-end falls within an S&P 500 membership interval,Exclude 20-F/40-F/foreign-private-issuer years; retain acquired/delisted firms through last eligible public firm-year
0000104169,Walmart,WMT,consumer_staples,1982-08-31,,1,PENDING_10K_USGAAP_SCREEN,Retain firm-year only when fiscal year-end falls within an S&P 500 membership interval,Exclude 20-F/40-F/foreign-private-issuer years; retain acquired/delisted firms through last eligible public firm-year
0001744489,Walt Disney Company (The),DIS,communication_services,1976-06-30,,1,PENDING_10K_USGAAP_SCREEN,Retain firm-year only when fiscal year-end falls within an S&P 500 membership interval,Exclude 20-F/40-F/foreign-private-issuer years; retain acquired/delisted firms through last eligible public firm-year
0001437107,Warner Bros. Discovery,DISCA|DISCK|WBD,communication_services,2010-03-01,,3,PENDING_10K_USGAAP_SCREEN,Retain firm-year only when fiscal year-end falls within an S&P 500 membership interval,Exclude 20-F/40-F/foreign-private-issuer years; retain acquired/delisted firms through last eligible public firm-year
0000823768,Waste Management,WM,industrials,1998-08-31,,1,PENDING_10K_USGAAP_SCREEN,Retain firm-year only when fiscal year-end falls within an S&P 500 membership interval,Exclude 20-F/40-F/foreign-private-issuer years; retain acquired/delisted firms through last eligible public firm-year
0001000697,Waters Corporation,WAT,health_care,2002-01-02,,1,PENDING_10K_USGAAP_SCREEN,Retain firm-year only when fiscal year-end falls within an S&P 500 membership interval,Exclude 20-F/40-F/foreign-private-issuer years; retain acquired/delisted firms through last eligible public firm-year
0001279363,WellCare,WCG,health_care,2018-09-12,2020-01-28,1,PENDING_10K_USGAAP_SCREEN,Retain firm-year only when fiscal year-end falls within an S&P 500 membership interval,Exclude 20-F/40-F/foreign-private-issuer years; retain acquired/delisted firms through last eligible public firm-year
0001156039,WellPoint Inc.,ANTM|ELV|WLP,health_care,2002-07-25,,3,PENDING_10K_USGAAP_SCREEN,Retain firm-year only when fiscal year-end falls within an S&P 500 membership interval,Exclude 20-F/40-F/foreign-private-issuer years; retain acquired/delisted firms through last eligible public firm-year
0000105770,West Pharmaceutical Services,WST,health_care,2020-05-22,,1,PENDING_10K_USGAAP_SCREEN,Retain firm-year only when fiscal year-end falls within an S&P 500 membership interval,Exclude 20-F/40-F/foreign-private-issuer years; retain acquired/delisted firms through last eligible public firm-year
0000106040,Western Digital,WDC,information_technology,2009-07-01,,1,PENDING_10K_USGAAP_SCREEN,Retain firm-year only when fiscal year-end falls within an S&P 500 membership interval,Exclude 20-F/40-F/foreign-private-issuer years; retain acquired/delisted firms through last eligible public firm-year
0001365135,Western Union,WU,information_technology,2006-09-29,2021-12-20,1,PENDING_10K_USGAAP_SCREEN,Retain firm-year only when fiscal year-end falls within an S&P 500 membership interval,Exclude 20-F/40-F/foreign-private-issuer years; retain acquired/delisted firms through last eligible public firm-year
0001732845,WestRock,WRK,materials,2015-06-25,2024-07-08,1,PENDING_10K_USGAAP_SCREEN,Retain firm-year only when fiscal year-end falls within an S&P 500 membership interval,Exclude 20-F/40-F/foreign-private-issuer years; retain acquired/delisted firms through last eligible public firm-year
0000106640,Whirlpool Corporation,WHR,consumer_discretionary,1958-03-31,2024-03-18,1,PENDING_10K_USGAAP_SCREEN,Retain firm-year only when fiscal year-end falls within an S&P 500 membership interval,Exclude 20-F/40-F/foreign-private-issuer years; retain acquired/delisted firms through last eligible public firm-year
0000865436,Whole Foods Market,WFMI|WFM,consumer_staples,2007-03-05,2017-08-29,2,PENDING_10K_USGAAP_SCREEN,Retain firm-year only when fiscal year-end falls within an S&P 500 membership interval,Exclude 20-F/40-F/foreign-private-issuer years; retain acquired/delisted firms through last eligible public firm-year
0000107263,Williams Companies,WMB,energy,1975-03-31,,1,PENDING_10K_USGAAP_SCREEN,Retain firm-year only when fiscal year-end falls within an S&P 500 membership interval,Exclude 20-F/40-F/foreign-private-issuer years; retain acquired/delisted firms through last eligible public firm-year
0000719955,"Williams-Sonoma, Inc.",WSM,consumer_discretionary,2025-03-24,,1,PENDING_10K_USGAAP_SCREEN,Retain firm-year only when fiscal year-end falls within an S&P 500 membership interval,Exclude 20-F/40-F/foreign-private-issuer years; retain acquired/delisted firms through last eligible public firm-year
0001282266,Windstream Communications,WIN,communication_services,2007-03-05,2015-04-07,1,PENDING_10K_USGAAP_SCREEN,Retain firm-year only when fiscal year-end falls within an S&P 500 membership interval,Exclude 20-F/40-F/foreign-private-issuer years; retain acquired/delisted firms through last eligible public firm-year
0001327811,"Workday, Inc.",WDAY,information_technology,2024-12-23,,1,PENDING_10K_USGAAP_SCREEN,Retain firm-year only when fiscal year-end falls within an S&P 500 membership interval,Exclude 20-F/40-F/foreign-private-issuer years; retain acquired/delisted firms through last eligible public firm-year
0001518832,"WPX Energy, Inc.",WPX,energy,2012-01-02,2014-03-21,1,PENDING_10K_USGAAP_SCREEN,Retain firm-year only when fiscal year-end falls within an S&P 500 membership interval,Exclude 20-F/40-F/foreign-private-issuer years; retain acquired/delisted firms through last eligible public firm-year
0001361658,Wyndham Worldwide,WYN,consumer_discretionary,2007-03-05,2018-05-31,1,PENDING_10K_USGAAP_SCREEN,Retain firm-year only when fiscal year-end falls within an S&P 500 membership interval,Exclude 20-F/40-F/foreign-private-issuer years; retain acquired/delisted firms through last eligible public firm-year
0001174922,Wynn Resorts,WYNN,consumer_discretionary,2008-11-14,,1,PENDING_10K_USGAAP_SCREEN,Retain firm-year only when fiscal year-end falls within an S&P 500 membership interval,Exclude 20-F/40-F/foreign-private-issuer years; retain acquired/delisted firms through last eligible public firm-year
0001770450,Xerox,XRX,information_technology,2007-03-05,2021-03-22,1,PENDING_10K_USGAAP_SCREEN,Retain firm-year only when fiscal year-end falls within an S&P 500 membership interval,Exclude 20-F/40-F/foreign-private-issuer years; retain acquired/delisted firms through last eligible public firm-year
0000743988,Xilinx,XLNX,information_technology,1999-11-08,2022-02-15,1,PENDING_10K_USGAAP_SCREEN,Retain firm-year only when fiscal year-end falls within an S&P 500 membership interval,Exclude 20-F/40-F/foreign-private-issuer years; retain acquired/delisted firms through last eligible public firm-year
0000868809,XTO Energy Inc.,XTO,energy,2007-03-05,2010-06-28,1,PENDING_10K_USGAAP_SCREEN,Retain firm-year only when fiscal year-end falls within an S&P 500 membership interval,Exclude 20-F/40-F/foreign-private-issuer years; retain acquired/delisted firms through last eligible public firm-year
0001524472,Xylem Inc.,XYL,industrials,2011-11-01,,1,PENDING_10K_USGAAP_SCREEN,Retain firm-year only when fiscal year-end falls within an S&P 500 membership interval,Exclude 20-F/40-F/foreign-private-issuer years; retain acquired/delisted firms through last eligible public firm-year
0001011006,Yahoo Inc.,YHOO,information_technology,1999-12-08,2017-06-19,1,PENDING_10K_USGAAP_SCREEN,Retain firm-year only when fiscal year-end falls within an S&P 500 membership interval,Exclude 20-F/40-F/foreign-private-issuer years; retain acquired/delisted firms through last eligible public firm-year
0001041061,Yum! Brands,YUM,consumer_discretionary,1997-10-06,,1,PENDING_10K_USGAAP_SCREEN,Retain firm-year only when fiscal year-end falls within an S&P 500 membership interval,Exclude 20-F/40-F/foreign-private-issuer years; retain acquired/delisted firms through last eligible public firm-year
0000877212,Zebra Technologies,ZBRA,information_technology,2019-12-23,,1,PENDING_10K_USGAAP_SCREEN,Retain firm-year only when fiscal year-end falls within an S&P 500 membership interval,Exclude 20-F/40-F/foreign-private-issuer years; retain acquired/delisted firms through last eligible public firm-year
0001136869,Zimmer Holdings,ZBH|ZMH,health_care,2001-08-07,,2,PENDING_10K_USGAAP_SCREEN,Retain firm-year only when fiscal year-end falls within an S&P 500 membership interval,Exclude 20-F/40-F/foreign-private-issuer years; retain acquired/delisted firms through last eligible public firm-year
0001555280,Zoetis,ZTS,health_care,2013-06-21,,1,PENDING_10K_USGAAP_SCREEN,Retain firm-year only when fiscal year-end falls within an S&P 500 membership interval,Exclude 20-F/40-F/foreign-private-issuer years; retain acquired/delisted firms through last eligible public firm-year
